inputOrderId,code,xmlPath,shortName,categoricalValue,isActionable,dataType,importanceRank,stdev
0,WEATHER_DIFFUSE_SOLAR_RADIATION_AVG_01,WEATHER_DIFFUSE_SOLAR_RADIATION_AVG_01,,,,,,
1,WEATHER_DIFFUSE_SOLAR_RADIATION_AVG_02,WEATHER_DIFFUSE_SOLAR_RADIATION_AVG_02,,,,,,
2,WEATHER_DIFFUSE_SOLAR_RADIATION_AVG_03,WEATHER_DIFFUSE_SOLAR_RADIATION_AVG_03,,,,,,
3,WEATHER_DIFFUSE_SOLAR_RADIATION_AVG_04,WEATHER_DIFFUSE_SOLAR_RADIATION_AVG_04,,,,,,
4,WEATHER_DIFFUSE_SOLAR_RADIATION_AVG_05,WEATHER_DIFFUSE_SOLAR_RADIATION_AVG_05,,,,,,
5,WEATHER_DIFFUSE_SOLAR_RADIATION_AVG_06,WEATHER_DIFFUSE_SOLAR_RADIATION_AVG_06,,,,,,
6,WEATHER_DIFFUSE_SOLAR_RADIATION_AVG_07,WEATHER_DIFFUSE_SOLAR_RADIATION_AVG_07,,,,,,
7,WEATHER_DIFFUSE_SOLAR_RADIATION_AVG_08,WEATHER_DIFFUSE_SOLAR_RADIATION_AVG_08,,,,,,
8,WEATHER_DIFFUSE_SOLAR_RADIATION_AVG_09,WEATHER_DIFFUSE_SOLAR_RADIATION_AVG_09,,,,,,
9,WEATHER_DIFFUSE_SOLAR_RADIATION_AVG_10,WEATHER_DIFFUSE_SOLAR_RADIATION_AVG_10,,,,,,
10,WEATHER_DIFFUSE_SOLAR_RADIATION_AVG_11,WEATHER_DIFFUSE_SOLAR_RADIATION_AVG_11,,,,,,
11,WEATHER_DIFFUSE_SOLAR_RADIATION_AVG_12,WEATHER_DIFFUSE_SOLAR_RADIATION_AVG_12,,,,,,
12,WEATHER_DIFFUSE_SOLAR_RADIATION_MAX_01,WEATHER_DIFFUSE_SOLAR_RADIATION_MAX_01,,,,,,
13,WEATHER_DIFFUSE_SOLAR_RADIATION_MAX_02,WEATHER_DIFFUSE_SOLAR_RADIATION_MAX_02,,,,,,
14,WEATHER_DIFFUSE_SOLAR_RADIATION_MAX_03,WEATHER_DIFFUSE_SOLAR_RADIATION_MAX_03,,,,,,
15,WEATHER_DIFFUSE_SOLAR_RADIATION_MAX_04,WEATHER_DIFFUSE_SOLAR_RADIATION_MAX_04,,,,,,
16,WEATHER_DIFFUSE_SOLAR_RADIATION_MAX_05,WEATHER_DIFFUSE_SOLAR_RADIATION_MAX_05,,,,,,
17,WEATHER_DIFFUSE_SOLAR_RADIATION_MAX_06,WEATHER_DIFFUSE_SOLAR_RADIATION_MAX_06,,,,,,
18,WEATHER_DIFFUSE_SOLAR_RADIATION_MAX_07,WEATHER_DIFFUSE_SOLAR_RADIATION_MAX_07,,,,,,
19,WEATHER_DIFFUSE_SOLAR_RADIATION_MAX_08,WEATHER_DIFFUSE_SOLAR_RADIATION_MAX_08,,,,,,
20,WEATHER_DIFFUSE_SOLAR_RADIATION_MAX_09,WEATHER_DIFFUSE_SOLAR_RADIATION_MAX_09,,,,,,
21,WEATHER_DIFFUSE_SOLAR_RADIATION_MAX_10,WEATHER_DIFFUSE_SOLAR_RADIATION_MAX_10,,,,,,
22,WEATHER_DIFFUSE_SOLAR_RADIATION_MAX_11,WEATHER_DIFFUSE_SOLAR_RADIATION_MAX_11,,,,,,
23,WEATHER_DIFFUSE_SOLAR_RADIATION_MAX_12,WEATHER_DIFFUSE_SOLAR_RADIATION_MAX_12,,,,,,
24,WEATHER_DIFFUSE_SOLAR_RADIATION_MIN_01,WEATHER_DIFFUSE_SOLAR_RADIATION_MIN_01,,,,,,
25,WEATHER_DIFFUSE_SOLAR_RADIATION_MIN_02,WEATHER_DIFFUSE_SOLAR_RADIATION_MIN_02,,,,,,
26,WEATHER_DIFFUSE_SOLAR_RADIATION_MIN_03,WEATHER_DIFFUSE_SOLAR_RADIATION_MIN_03,,,,,,
27,WEATHER_DIFFUSE_SOLAR_RADIATION_MIN_04,WEATHER_DIFFUSE_SOLAR_RADIATION_MIN_04,,,,,,
28,WEATHER_DIFFUSE_SOLAR_RADIATION_MIN_05,WEATHER_DIFFUSE_SOLAR_RADIATION_MIN_05,,,,,,
29,WEATHER_DIFFUSE_SOLAR_RADIATION_MIN_06,WEATHER_DIFFUSE_SOLAR_RADIATION_MIN_06,,,,,,
30,WEATHER_DIFFUSE_SOLAR_RADIATION_MIN_07,WEATHER_DIFFUSE_SOLAR_RADIATION_MIN_07,,,,,,
31,WEATHER_DIFFUSE_SOLAR_RADIATION_MIN_08,WEATHER_DIFFUSE_SOLAR_RADIATION_MIN_08,,,,,,
32,WEATHER_DIFFUSE_SOLAR_RADIATION_MIN_09,WEATHER_DIFFUSE_SOLAR_RADIATION_MIN_09,,,,,,
33,WEATHER_DIFFUSE_SOLAR_RADIATION_MIN_10,WEATHER_DIFFUSE_SOLAR_RADIATION_MIN_10,,,,,,
34,WEATHER_DIFFUSE_SOLAR_RADIATION_MIN_11,WEATHER_DIFFUSE_SOLAR_RADIATION_MIN_11,,,,,,
35,WEATHER_DIFFUSE_SOLAR_RADIATION_MIN_12,WEATHER_DIFFUSE_SOLAR_RADIATION_MIN_12,,,,,,
36,WEATHER_DIFFUSE_SOLAR_RADIATION_VAR_01,WEATHER_DIFFUSE_SOLAR_RADIATION_VAR_01,,,,,,
37,WEATHER_DIFFUSE_SOLAR_RADIATION_VAR_02,WEATHER_DIFFUSE_SOLAR_RADIATION_VAR_02,,,,,,
38,WEATHER_DIFFUSE_SOLAR_RADIATION_VAR_03,WEATHER_DIFFUSE_SOLAR_RADIATION_VAR_03,,,,,,
39,WEATHER_DIFFUSE_SOLAR_RADIATION_VAR_04,WEATHER_DIFFUSE_SOLAR_RADIATION_VAR_04,,,,,,
40,WEATHER_DIFFUSE_SOLAR_RADIATION_VAR_05,WEATHER_DIFFUSE_SOLAR_RADIATION_VAR_05,,,,,,
41,WEATHER_DIFFUSE_SOLAR_RADIATION_VAR_06,WEATHER_DIFFUSE_SOLAR_RADIATION_VAR_06,,,,,,
42,WEATHER_DIFFUSE_SOLAR_RADIATION_VAR_07,WEATHER_DIFFUSE_SOLAR_RADIATION_VAR_07,,,,,,
43,WEATHER_DIFFUSE_SOLAR_RADIATION_VAR_08,WEATHER_DIFFUSE_SOLAR_RADIATION_VAR_08,,,,,,
44,WEATHER_DIFFUSE_SOLAR_RADIATION_VAR_09,WEATHER_DIFFUSE_SOLAR_RADIATION_VAR_09,,,,,,
45,WEATHER_DIFFUSE_SOLAR_RADIATION_VAR_10,WEATHER_DIFFUSE_SOLAR_RADIATION_VAR_10,,,,,,
46,WEATHER_DIFFUSE_SOLAR_RADIATION_VAR_11,WEATHER_DIFFUSE_SOLAR_RADIATION_VAR_11,,,,,,
47,WEATHER_DIFFUSE_SOLAR_RADIATION_VAR_12,WEATHER_DIFFUSE_SOLAR_RADIATION_VAR_12,,,,,,
48,WEATHER_DIRECT_SOLAR_RADIATION_AVG_01,WEATHER_DIRECT_SOLAR_RADIATION_AVG_01,,,,,,
49,WEATHER_DIRECT_SOLAR_RADIATION_AVG_02,WEATHER_DIRECT_SOLAR_RADIATION_AVG_02,,,,,,
50,WEATHER_DIRECT_SOLAR_RADIATION_AVG_03,WEATHER_DIRECT_SOLAR_RADIATION_AVG_03,,,,,,
51,WEATHER_DIRECT_SOLAR_RADIATION_AVG_04,WEATHER_DIRECT_SOLAR_RADIATION_AVG_04,,,,,,
52,WEATHER_DIRECT_SOLAR_RADIATION_AVG_05,WEATHER_DIRECT_SOLAR_RADIATION_AVG_05,,,,,,
53,WEATHER_DIRECT_SOLAR_RADIATION_AVG_06,WEATHER_DIRECT_SOLAR_RADIATION_AVG_06,,,,,,
54,WEATHER_DIRECT_SOLAR_RADIATION_AVG_07,WEATHER_DIRECT_SOLAR_RADIATION_AVG_07,,,,,,
55,WEATHER_DIRECT_SOLAR_RADIATION_AVG_08,WEATHER_DIRECT_SOLAR_RADIATION_AVG_08,,,,,,
56,WEATHER_DIRECT_SOLAR_RADIATION_AVG_09,WEATHER_DIRECT_SOLAR_RADIATION_AVG_09,,,,,,
57,WEATHER_DIRECT_SOLAR_RADIATION_AVG_10,WEATHER_DIRECT_SOLAR_RADIATION_AVG_10,,,,,,
58,WEATHER_DIRECT_SOLAR_RADIATION_AVG_11,WEATHER_DIRECT_SOLAR_RADIATION_AVG_11,,,,,,
59,WEATHER_DIRECT_SOLAR_RADIATION_AVG_12,WEATHER_DIRECT_SOLAR_RADIATION_AVG_12,,,,,,
60,WEATHER_DIRECT_SOLAR_RADIATION_MAX_01,WEATHER_DIRECT_SOLAR_RADIATION_MAX_01,,,,,,
61,WEATHER_DIRECT_SOLAR_RADIATION_MAX_02,WEATHER_DIRECT_SOLAR_RADIATION_MAX_02,,,,,,
62,WEATHER_DIRECT_SOLAR_RADIATION_MAX_03,WEATHER_DIRECT_SOLAR_RADIATION_MAX_03,,,,,,
63,WEATHER_DIRECT_SOLAR_RADIATION_MAX_04,WEATHER_DIRECT_SOLAR_RADIATION_MAX_04,,,,,,
64,WEATHER_DIRECT_SOLAR_RADIATION_MAX_05,WEATHER_DIRECT_SOLAR_RADIATION_MAX_05,,,,,,
65,WEATHER_DIRECT_SOLAR_RADIATION_MAX_06,WEATHER_DIRECT_SOLAR_RADIATION_MAX_06,,,,,,
66,WEATHER_DIRECT_SOLAR_RADIATION_MAX_07,WEATHER_DIRECT_SOLAR_RADIATION_MAX_07,,,,,,
67,WEATHER_DIRECT_SOLAR_RADIATION_MAX_08,WEATHER_DIRECT_SOLAR_RADIATION_MAX_08,,,,,,
68,WEATHER_DIRECT_SOLAR_RADIATION_MAX_09,WEATHER_DIRECT_SOLAR_RADIATION_MAX_09,,,,,,
69,WEATHER_DIRECT_SOLAR_RADIATION_MAX_10,WEATHER_DIRECT_SOLAR_RADIATION_MAX_10,,,,,,
70,WEATHER_DIRECT_SOLAR_RADIATION_MAX_11,WEATHER_DIRECT_SOLAR_RADIATION_MAX_11,,,,,,
71,WEATHER_DIRECT_SOLAR_RADIATION_MAX_12,WEATHER_DIRECT_SOLAR_RADIATION_MAX_12,,,,,,
72,WEATHER_DIRECT_SOLAR_RADIATION_MIN_01,WEATHER_DIRECT_SOLAR_RADIATION_MIN_01,,,,,,
73,WEATHER_DIRECT_SOLAR_RADIATION_MIN_02,WEATHER_DIRECT_SOLAR_RADIATION_MIN_02,,,,,,
74,WEATHER_DIRECT_SOLAR_RADIATION_MIN_03,WEATHER_DIRECT_SOLAR_RADIATION_MIN_03,,,,,,
75,WEATHER_DIRECT_SOLAR_RADIATION_MIN_04,WEATHER_DIRECT_SOLAR_RADIATION_MIN_04,,,,,,
76,WEATHER_DIRECT_SOLAR_RADIATION_MIN_05,WEATHER_DIRECT_SOLAR_RADIATION_MIN_05,,,,,,
77,WEATHER_DIRECT_SOLAR_RADIATION_MIN_06,WEATHER_DIRECT_SOLAR_RADIATION_MIN_06,,,,,,
78,WEATHER_DIRECT_SOLAR_RADIATION_MIN_07,WEATHER_DIRECT_SOLAR_RADIATION_MIN_07,,,,,,
79,WEATHER_DIRECT_SOLAR_RADIATION_MIN_08,WEATHER_DIRECT_SOLAR_RADIATION_MIN_08,,,,,,
80,WEATHER_DIRECT_SOLAR_RADIATION_MIN_09,WEATHER_DIRECT_SOLAR_RADIATION_MIN_09,,,,,,
81,WEATHER_DIRECT_SOLAR_RADIATION_MIN_10,WEATHER_DIRECT_SOLAR_RADIATION_MIN_10,,,,,,
82,WEATHER_DIRECT_SOLAR_RADIATION_MIN_11,WEATHER_DIRECT_SOLAR_RADIATION_MIN_11,,,,,,
83,WEATHER_DIRECT_SOLAR_RADIATION_MIN_12,WEATHER_DIRECT_SOLAR_RADIATION_MIN_12,,,,,,
84,WEATHER_DIRECT_SOLAR_RADIATION_VAR_01,WEATHER_DIRECT_SOLAR_RADIATION_VAR_01,,,,,,
85,WEATHER_DIRECT_SOLAR_RADIATION_VAR_02,WEATHER_DIRECT_SOLAR_RADIATION_VAR_02,,,,,,
86,WEATHER_DIRECT_SOLAR_RADIATION_VAR_03,WEATHER_DIRECT_SOLAR_RADIATION_VAR_03,,,,,,
87,WEATHER_DIRECT_SOLAR_RADIATION_VAR_04,WEATHER_DIRECT_SOLAR_RADIATION_VAR_04,,,,,,
88,WEATHER_DIRECT_SOLAR_RADIATION_VAR_05,WEATHER_DIRECT_SOLAR_RADIATION_VAR_05,,,,,,
89,WEATHER_DIRECT_SOLAR_RADIATION_VAR_06,WEATHER_DIRECT_SOLAR_RADIATION_VAR_06,,,,,,
90,WEATHER_DIRECT_SOLAR_RADIATION_VAR_07,WEATHER_DIRECT_SOLAR_RADIATION_VAR_07,,,,,,
91,WEATHER_DIRECT_SOLAR_RADIATION_VAR_08,WEATHER_DIRECT_SOLAR_RADIATION_VAR_08,,,,,,
92,WEATHER_DIRECT_SOLAR_RADIATION_VAR_09,WEATHER_DIRECT_SOLAR_RADIATION_VAR_09,,,,,,
93,WEATHER_DIRECT_SOLAR_RADIATION_VAR_10,WEATHER_DIRECT_SOLAR_RADIATION_VAR_10,,,,,,
94,WEATHER_DIRECT_SOLAR_RADIATION_VAR_11,WEATHER_DIRECT_SOLAR_RADIATION_VAR_11,,,,,,
95,WEATHER_DIRECT_SOLAR_RADIATION_VAR_12,WEATHER_DIRECT_SOLAR_RADIATION_VAR_12,,,,,,
96,WEATHER_DRYBULB_TEMPERATURE_AVG_01,WEATHER_DRYBULB_TEMPERATURE_AVG_01,,,,,,
97,WEATHER_DRYBULB_TEMPERATURE_AVG_02,WEATHER_DRYBULB_TEMPERATURE_AVG_02,,,,,,
98,WEATHER_DRYBULB_TEMPERATURE_AVG_03,WEATHER_DRYBULB_TEMPERATURE_AVG_03,,,,,,
99,WEATHER_DRYBULB_TEMPERATURE_AVG_04,WEATHER_DRYBULB_TEMPERATURE_AVG_04,,,,,,
100,WEATHER_DRYBULB_TEMPERATURE_AVG_05,WEATHER_DRYBULB_TEMPERATURE_AVG_05,,,,,,
101,WEATHER_DRYBULB_TEMPERATURE_AVG_06,WEATHER_DRYBULB_TEMPERATURE_AVG_06,,,,,,
102,WEATHER_DRYBULB_TEMPERATURE_AVG_07,WEATHER_DRYBULB_TEMPERATURE_AVG_07,,,,,,
103,WEATHER_DRYBULB_TEMPERATURE_AVG_08,WEATHER_DRYBULB_TEMPERATURE_AVG_08,,,,,,
104,WEATHER_DRYBULB_TEMPERATURE_AVG_09,WEATHER_DRYBULB_TEMPERATURE_AVG_09,,,,,,
105,WEATHER_DRYBULB_TEMPERATURE_AVG_10,WEATHER_DRYBULB_TEMPERATURE_AVG_10,,,,,,
106,WEATHER_DRYBULB_TEMPERATURE_AVG_11,WEATHER_DRYBULB_TEMPERATURE_AVG_11,,,,,,
107,WEATHER_DRYBULB_TEMPERATURE_AVG_12,WEATHER_DRYBULB_TEMPERATURE_AVG_12,,,,,,
108,WEATHER_DRYBULB_TEMPERATURE_MAX_01,WEATHER_DRYBULB_TEMPERATURE_MAX_01,,,,,,
109,WEATHER_DRYBULB_TEMPERATURE_MAX_02,WEATHER_DRYBULB_TEMPERATURE_MAX_02,,,,,,
110,WEATHER_DRYBULB_TEMPERATURE_MAX_03,WEATHER_DRYBULB_TEMPERATURE_MAX_03,,,,,,
111,WEATHER_DRYBULB_TEMPERATURE_MAX_04,WEATHER_DRYBULB_TEMPERATURE_MAX_04,,,,,,
112,WEATHER_DRYBULB_TEMPERATURE_MAX_05,WEATHER_DRYBULB_TEMPERATURE_MAX_05,,,,,,
113,WEATHER_DRYBULB_TEMPERATURE_MAX_06,WEATHER_DRYBULB_TEMPERATURE_MAX_06,,,,,,
114,WEATHER_DRYBULB_TEMPERATURE_MAX_07,WEATHER_DRYBULB_TEMPERATURE_MAX_07,,,,,,
115,WEATHER_DRYBULB_TEMPERATURE_MAX_08,WEATHER_DRYBULB_TEMPERATURE_MAX_08,,,,,,
116,WEATHER_DRYBULB_TEMPERATURE_MAX_09,WEATHER_DRYBULB_TEMPERATURE_MAX_09,,,,,,
117,WEATHER_DRYBULB_TEMPERATURE_MAX_10,WEATHER_DRYBULB_TEMPERATURE_MAX_10,,,,,,
118,WEATHER_DRYBULB_TEMPERATURE_MAX_11,WEATHER_DRYBULB_TEMPERATURE_MAX_11,,,,,,
119,WEATHER_DRYBULB_TEMPERATURE_MAX_12,WEATHER_DRYBULB_TEMPERATURE_MAX_12,,,,,,
120,WEATHER_DRYBULB_TEMPERATURE_MIN_01,WEATHER_DRYBULB_TEMPERATURE_MIN_01,,,,,,
121,WEATHER_DRYBULB_TEMPERATURE_MIN_02,WEATHER_DRYBULB_TEMPERATURE_MIN_02,,,,,,
122,WEATHER_DRYBULB_TEMPERATURE_MIN_03,WEATHER_DRYBULB_TEMPERATURE_MIN_03,,,,,,
123,WEATHER_DRYBULB_TEMPERATURE_MIN_04,WEATHER_DRYBULB_TEMPERATURE_MIN_04,,,,,,
124,WEATHER_DRYBULB_TEMPERATURE_MIN_05,WEATHER_DRYBULB_TEMPERATURE_MIN_05,,,,,,
125,WEATHER_DRYBULB_TEMPERATURE_MIN_06,WEATHER_DRYBULB_TEMPERATURE_MIN_06,,,,,,
126,WEATHER_DRYBULB_TEMPERATURE_MIN_07,WEATHER_DRYBULB_TEMPERATURE_MIN_07,,,,,,
127,WEATHER_DRYBULB_TEMPERATURE_MIN_08,WEATHER_DRYBULB_TEMPERATURE_MIN_08,,,,,,
128,WEATHER_DRYBULB_TEMPERATURE_MIN_09,WEATHER_DRYBULB_TEMPERATURE_MIN_09,,,,,,
129,WEATHER_DRYBULB_TEMPERATURE_MIN_10,WEATHER_DRYBULB_TEMPERATURE_MIN_10,,,,,,
130,WEATHER_DRYBULB_TEMPERATURE_MIN_11,WEATHER_DRYBULB_TEMPERATURE_MIN_11,,,,,,
131,WEATHER_DRYBULB_TEMPERATURE_MIN_12,WEATHER_DRYBULB_TEMPERATURE_MIN_12,,,,,,
132,WEATHER_DRYBULB_TEMPERATURE_VAR_01,WEATHER_DRYBULB_TEMPERATURE_VAR_01,,,,,,
133,WEATHER_DRYBULB_TEMPERATURE_VAR_02,WEATHER_DRYBULB_TEMPERATURE_VAR_02,,,,,,
134,WEATHER_DRYBULB_TEMPERATURE_VAR_03,WEATHER_DRYBULB_TEMPERATURE_VAR_03,,,,,,
135,WEATHER_DRYBULB_TEMPERATURE_VAR_04,WEATHER_DRYBULB_TEMPERATURE_VAR_04,,,,,,
136,WEATHER_DRYBULB_TEMPERATURE_VAR_05,WEATHER_DRYBULB_TEMPERATURE_VAR_05,,,,,,
137,WEATHER_DRYBULB_TEMPERATURE_VAR_06,WEATHER_DRYBULB_TEMPERATURE_VAR_06,,,,,,
138,WEATHER_DRYBULB_TEMPERATURE_VAR_07,WEATHER_DRYBULB_TEMPERATURE_VAR_07,,,,,,
139,WEATHER_DRYBULB_TEMPERATURE_VAR_08,WEATHER_DRYBULB_TEMPERATURE_VAR_08,,,,,,
140,WEATHER_DRYBULB_TEMPERATURE_VAR_09,WEATHER_DRYBULB_TEMPERATURE_VAR_09,,,,,,
141,WEATHER_DRYBULB_TEMPERATURE_VAR_10,WEATHER_DRYBULB_TEMPERATURE_VAR_10,,,,,,
142,WEATHER_DRYBULB_TEMPERATURE_VAR_11,WEATHER_DRYBULB_TEMPERATURE_VAR_11,,,,,,
143,WEATHER_DRYBULB_TEMPERATURE_VAR_12,WEATHER_DRYBULB_TEMPERATURE_VAR_12,,,,,,
144,WEATHER_RELATIVE_HUMIDITY_AVG_01,WEATHER_RELATIVE_HUMIDITY_AVG_01,,,,,,
145,WEATHER_RELATIVE_HUMIDITY_AVG_02,WEATHER_RELATIVE_HUMIDITY_AVG_02,,,,,,
146,WEATHER_RELATIVE_HUMIDITY_AVG_03,WEATHER_RELATIVE_HUMIDITY_AVG_03,,,,,,
147,WEATHER_RELATIVE_HUMIDITY_AVG_04,WEATHER_RELATIVE_HUMIDITY_AVG_04,,,,,,
148,WEATHER_RELATIVE_HUMIDITY_AVG_05,WEATHER_RELATIVE_HUMIDITY_AVG_05,,,,,,
149,WEATHER_RELATIVE_HUMIDITY_AVG_06,WEATHER_RELATIVE_HUMIDITY_AVG_06,,,,,,
150,WEATHER_RELATIVE_HUMIDITY_AVG_07,WEATHER_RELATIVE_HUMIDITY_AVG_07,,,,,,
151,WEATHER_RELATIVE_HUMIDITY_AVG_08,WEATHER_RELATIVE_HUMIDITY_AVG_08,,,,,,
152,WEATHER_RELATIVE_HUMIDITY_AVG_09,WEATHER_RELATIVE_HUMIDITY_AVG_09,,,,,,
153,WEATHER_RELATIVE_HUMIDITY_AVG_10,WEATHER_RELATIVE_HUMIDITY_AVG_10,,,,,,
154,WEATHER_RELATIVE_HUMIDITY_AVG_11,WEATHER_RELATIVE_HUMIDITY_AVG_11,,,,,,
155,WEATHER_RELATIVE_HUMIDITY_AVG_12,WEATHER_RELATIVE_HUMIDITY_AVG_12,,,,,,
156,WEATHER_RELATIVE_HUMIDITY_MAX_01,WEATHER_RELATIVE_HUMIDITY_MAX_01,,,,,,
157,WEATHER_RELATIVE_HUMIDITY_MAX_02,WEATHER_RELATIVE_HUMIDITY_MAX_02,,,,,,
158,WEATHER_RELATIVE_HUMIDITY_MAX_03,WEATHER_RELATIVE_HUMIDITY_MAX_03,,,,,,
159,WEATHER_RELATIVE_HUMIDITY_MAX_04,WEATHER_RELATIVE_HUMIDITY_MAX_04,,,,,,
160,WEATHER_RELATIVE_HUMIDITY_MAX_05,WEATHER_RELATIVE_HUMIDITY_MAX_05,,,,,,
161,WEATHER_RELATIVE_HUMIDITY_MAX_06,WEATHER_RELATIVE_HUMIDITY_MAX_06,,,,,,
162,WEATHER_RELATIVE_HUMIDITY_MAX_07,WEATHER_RELATIVE_HUMIDITY_MAX_07,,,,,,
163,WEATHER_RELATIVE_HUMIDITY_MAX_08,WEATHER_RELATIVE_HUMIDITY_MAX_08,,,,,,
164,WEATHER_RELATIVE_HUMIDITY_MAX_09,WEATHER_RELATIVE_HUMIDITY_MAX_09,,,,,,
165,WEATHER_RELATIVE_HUMIDITY_MAX_10,WEATHER_RELATIVE_HUMIDITY_MAX_10,,,,,,
166,WEATHER_RELATIVE_HUMIDITY_MAX_11,WEATHER_RELATIVE_HUMIDITY_MAX_11,,,,,,
167,WEATHER_RELATIVE_HUMIDITY_MAX_12,WEATHER_RELATIVE_HUMIDITY_MAX_12,,,,,,
168,WEATHER_RELATIVE_HUMIDITY_MIN_01,WEATHER_RELATIVE_HUMIDITY_MIN_01,,,,,,
169,WEATHER_RELATIVE_HUMIDITY_MIN_02,WEATHER_RELATIVE_HUMIDITY_MIN_02,,,,,,
170,WEATHER_RELATIVE_HUMIDITY_MIN_03,WEATHER_RELATIVE_HUMIDITY_MIN_03,,,,,,
171,WEATHER_RELATIVE_HUMIDITY_MIN_04,WEATHER_RELATIVE_HUMIDITY_MIN_04,,,,,,
172,WEATHER_RELATIVE_HUMIDITY_MIN_05,WEATHER_RELATIVE_HUMIDITY_MIN_05,,,,,,
173,WEATHER_RELATIVE_HUMIDITY_MIN_06,WEATHER_RELATIVE_HUMIDITY_MIN_06,,,,,,
174,WEATHER_RELATIVE_HUMIDITY_MIN_07,WEATHER_RELATIVE_HUMIDITY_MIN_07,,,,,,
175,WEATHER_RELATIVE_HUMIDITY_MIN_08,WEATHER_RELATIVE_HUMIDITY_MIN_08,,,,,,
176,WEATHER_RELATIVE_HUMIDITY_MIN_09,WEATHER_RELATIVE_HUMIDITY_MIN_09,,,,,,
177,WEATHER_RELATIVE_HUMIDITY_MIN_10,WEATHER_RELATIVE_HUMIDITY_MIN_10,,,,,,
178,WEATHER_RELATIVE_HUMIDITY_MIN_11,WEATHER_RELATIVE_HUMIDITY_MIN_11,,,,,,
179,WEATHER_RELATIVE_HUMIDITY_MIN_12,WEATHER_RELATIVE_HUMIDITY_MIN_12,,,,,,
180,WEATHER_RELATIVE_HUMIDITY_VAR_01,WEATHER_RELATIVE_HUMIDITY_VAR_01,,,,,,
181,WEATHER_RELATIVE_HUMIDITY_VAR_02,WEATHER_RELATIVE_HUMIDITY_VAR_02,,,,,,
182,WEATHER_RELATIVE_HUMIDITY_VAR_03,WEATHER_RELATIVE_HUMIDITY_VAR_03,,,,,,
183,WEATHER_RELATIVE_HUMIDITY_VAR_04,WEATHER_RELATIVE_HUMIDITY_VAR_04,,,,,,
184,WEATHER_RELATIVE_HUMIDITY_VAR_05,WEATHER_RELATIVE_HUMIDITY_VAR_05,,,,,,
185,WEATHER_RELATIVE_HUMIDITY_VAR_06,WEATHER_RELATIVE_HUMIDITY_VAR_06,,,,,,
186,WEATHER_RELATIVE_HUMIDITY_VAR_07,WEATHER_RELATIVE_HUMIDITY_VAR_07,,,,,,
187,WEATHER_RELATIVE_HUMIDITY_VAR_08,WEATHER_RELATIVE_HUMIDITY_VAR_08,,,,,,
188,WEATHER_RELATIVE_HUMIDITY_VAR_09,WEATHER_RELATIVE_HUMIDITY_VAR_09,,,,,,
189,WEATHER_RELATIVE_HUMIDITY_VAR_10,WEATHER_RELATIVE_HUMIDITY_VAR_10,,,,,,
190,WEATHER_RELATIVE_HUMIDITY_VAR_11,WEATHER_RELATIVE_HUMIDITY_VAR_11,,,,,,
191,WEATHER_RELATIVE_HUMIDITY_VAR_12,WEATHER_RELATIVE_HUMIDITY_VAR_12,,,,,,
192,WEATHER_WETBULB_TEMPERATURE_AVG_01,WEATHER_WETBULB_TEMPERATURE_AVG_01,,,,,,
193,WEATHER_WETBULB_TEMPERATURE_AVG_02,WEATHER_WETBULB_TEMPERATURE_AVG_02,,,,,,
194,WEATHER_WETBULB_TEMPERATURE_AVG_03,WEATHER_WETBULB_TEMPERATURE_AVG_03,,,,,,
195,WEATHER_WETBULB_TEMPERATURE_AVG_04,WEATHER_WETBULB_TEMPERATURE_AVG_04,,,,,,
196,WEATHER_WETBULB_TEMPERATURE_AVG_05,WEATHER_WETBULB_TEMPERATURE_AVG_05,,,,,,
197,WEATHER_WETBULB_TEMPERATURE_AVG_06,WEATHER_WETBULB_TEMPERATURE_AVG_06,,,,,,
198,WEATHER_WETBULB_TEMPERATURE_AVG_07,WEATHER_WETBULB_TEMPERATURE_AVG_07,,,,,,
199,WEATHER_WETBULB_TEMPERATURE_AVG_08,WEATHER_WETBULB_TEMPERATURE_AVG_08,,,,,,
200,WEATHER_WETBULB_TEMPERATURE_AVG_09,WEATHER_WETBULB_TEMPERATURE_AVG_09,,,,,,
201,WEATHER_WETBULB_TEMPERATURE_AVG_10,WEATHER_WETBULB_TEMPERATURE_AVG_10,,,,,,
202,WEATHER_WETBULB_TEMPERATURE_AVG_11,WEATHER_WETBULB_TEMPERATURE_AVG_11,,,,,,
203,WEATHER_WETBULB_TEMPERATURE_AVG_12,WEATHER_WETBULB_TEMPERATURE_AVG_12,,,,,,
204,WEATHER_WETBULB_TEMPERATURE_MAX_01,WEATHER_WETBULB_TEMPERATURE_MAX_01,,,,,,
205,WEATHER_WETBULB_TEMPERATURE_MAX_02,WEATHER_WETBULB_TEMPERATURE_MAX_02,,,,,,
206,WEATHER_WETBULB_TEMPERATURE_MAX_03,WEATHER_WETBULB_TEMPERATURE_MAX_03,,,,,,
207,WEATHER_WETBULB_TEMPERATURE_MAX_04,WEATHER_WETBULB_TEMPERATURE_MAX_04,,,,,,
208,WEATHER_WETBULB_TEMPERATURE_MAX_05,WEATHER_WETBULB_TEMPERATURE_MAX_05,,,,,,
209,WEATHER_WETBULB_TEMPERATURE_MAX_06,WEATHER_WETBULB_TEMPERATURE_MAX_06,,,,,,
210,WEATHER_WETBULB_TEMPERATURE_MAX_07,WEATHER_WETBULB_TEMPERATURE_MAX_07,,,,,,
211,WEATHER_WETBULB_TEMPERATURE_MAX_08,WEATHER_WETBULB_TEMPERATURE_MAX_08,,,,,,
212,WEATHER_WETBULB_TEMPERATURE_MAX_09,WEATHER_WETBULB_TEMPERATURE_MAX_09,,,,,,
213,WEATHER_WETBULB_TEMPERATURE_MAX_10,WEATHER_WETBULB_TEMPERATURE_MAX_10,,,,,,
214,WEATHER_WETBULB_TEMPERATURE_MAX_11,WEATHER_WETBULB_TEMPERATURE_MAX_11,,,,,,
215,WEATHER_WETBULB_TEMPERATURE_MAX_12,WEATHER_WETBULB_TEMPERATURE_MAX_12,,,,,,
216,WEATHER_WETBULB_TEMPERATURE_MIN_01,WEATHER_WETBULB_TEMPERATURE_MIN_01,,,,,,
217,WEATHER_WETBULB_TEMPERATURE_MIN_02,WEATHER_WETBULB_TEMPERATURE_MIN_02,,,,,,
218,WEATHER_WETBULB_TEMPERATURE_MIN_03,WEATHER_WETBULB_TEMPERATURE_MIN_03,,,,,,
219,WEATHER_WETBULB_TEMPERATURE_MIN_04,WEATHER_WETBULB_TEMPERATURE_MIN_04,,,,,,
220,WEATHER_WETBULB_TEMPERATURE_MIN_05,WEATHER_WETBULB_TEMPERATURE_MIN_05,,,,,,
221,WEATHER_WETBULB_TEMPERATURE_MIN_06,WEATHER_WETBULB_TEMPERATURE_MIN_06,,,,,,
222,WEATHER_WETBULB_TEMPERATURE_MIN_07,WEATHER_WETBULB_TEMPERATURE_MIN_07,,,,,,
223,WEATHER_WETBULB_TEMPERATURE_MIN_08,WEATHER_WETBULB_TEMPERATURE_MIN_08,,,,,,
224,WEATHER_WETBULB_TEMPERATURE_MIN_09,WEATHER_WETBULB_TEMPERATURE_MIN_09,,,,,,
225,WEATHER_WETBULB_TEMPERATURE_MIN_10,WEATHER_WETBULB_TEMPERATURE_MIN_10,,,,,,
226,WEATHER_WETBULB_TEMPERATURE_MIN_11,WEATHER_WETBULB_TEMPERATURE_MIN_11,,,,,,
227,WEATHER_WETBULB_TEMPERATURE_MIN_12,WEATHER_WETBULB_TEMPERATURE_MIN_12,,,,,,
228,WEATHER_WETBULB_TEMPERATURE_VAR_01,WEATHER_WETBULB_TEMPERATURE_VAR_01,,,,,,
229,WEATHER_WETBULB_TEMPERATURE_VAR_02,WEATHER_WETBULB_TEMPERATURE_VAR_02,,,,,,
230,WEATHER_WETBULB_TEMPERATURE_VAR_03,WEATHER_WETBULB_TEMPERATURE_VAR_03,,,,,,
231,WEATHER_WETBULB_TEMPERATURE_VAR_04,WEATHER_WETBULB_TEMPERATURE_VAR_04,,,,,,
232,WEATHER_WETBULB_TEMPERATURE_VAR_05,WEATHER_WETBULB_TEMPERATURE_VAR_05,,,,,,
233,WEATHER_WETBULB_TEMPERATURE_VAR_06,WEATHER_WETBULB_TEMPERATURE_VAR_06,,,,,,
234,WEATHER_WETBULB_TEMPERATURE_VAR_07,WEATHER_WETBULB_TEMPERATURE_VAR_07,,,,,,
235,WEATHER_WETBULB_TEMPERATURE_VAR_08,WEATHER_WETBULB_TEMPERATURE_VAR_08,,,,,,
236,WEATHER_WETBULB_TEMPERATURE_VAR_09,WEATHER_WETBULB_TEMPERATURE_VAR_09,,,,,,
237,WEATHER_WETBULB_TEMPERATURE_VAR_10,WEATHER_WETBULB_TEMPERATURE_VAR_10,,,,,,
238,WEATHER_WETBULB_TEMPERATURE_VAR_11,WEATHER_WETBULB_TEMPERATURE_VAR_11,,,,,,
239,WEATHER_WETBULB_TEMPERATURE_VAR_12,WEATHER_WETBULB_TEMPERATURE_VAR_12,,,,,,
240,WEATHER_WIND_SPEED_AVG_01,WEATHER_WIND_SPEED_AVG_01,,,,,,
241,WEATHER_WIND_SPEED_AVG_02,WEATHER_WIND_SPEED_AVG_02,,,,,,
242,WEATHER_WIND_SPEED_AVG_03,WEATHER_WIND_SPEED_AVG_03,,,,,,
243,WEATHER_WIND_SPEED_AVG_04,WEATHER_WIND_SPEED_AVG_04,,,,,,
244,WEATHER_WIND_SPEED_AVG_05,WEATHER_WIND_SPEED_AVG_05,,,,,,
245,WEATHER_WIND_SPEED_AVG_06,WEATHER_WIND_SPEED_AVG_06,,,,,,
246,WEATHER_WIND_SPEED_AVG_07,WEATHER_WIND_SPEED_AVG_07,,,,,,
247,WEATHER_WIND_SPEED_AVG_08,WEATHER_WIND_SPEED_AVG_08,,,,,,
248,WEATHER_WIND_SPEED_AVG_09,WEATHER_WIND_SPEED_AVG_09,,,,,,
249,WEATHER_WIND_SPEED_AVG_10,WEATHER_WIND_SPEED_AVG_10,,,,,,
250,WEATHER_WIND_SPEED_AVG_11,WEATHER_WIND_SPEED_AVG_11,,,,,,
251,WEATHER_WIND_SPEED_AVG_12,WEATHER_WIND_SPEED_AVG_12,,,,,,
252,WEATHER_WIND_SPEED_MAX_01,WEATHER_WIND_SPEED_MAX_01,,,,,,
253,WEATHER_WIND_SPEED_MAX_02,WEATHER_WIND_SPEED_MAX_02,,,,,,
254,WEATHER_WIND_SPEED_MAX_03,WEATHER_WIND_SPEED_MAX_03,,,,,,
255,WEATHER_WIND_SPEED_MAX_04,WEATHER_WIND_SPEED_MAX_04,,,,,,
256,WEATHER_WIND_SPEED_MAX_05,WEATHER_WIND_SPEED_MAX_05,,,,,,
257,WEATHER_WIND_SPEED_MAX_06,WEATHER_WIND_SPEED_MAX_06,,,,,,
258,WEATHER_WIND_SPEED_MAX_07,WEATHER_WIND_SPEED_MAX_07,,,,,,
259,WEATHER_WIND_SPEED_MAX_08,WEATHER_WIND_SPEED_MAX_08,,,,,,
260,WEATHER_WIND_SPEED_MAX_09,WEATHER_WIND_SPEED_MAX_09,,,,,,
261,WEATHER_WIND_SPEED_MAX_10,WEATHER_WIND_SPEED_MAX_10,,,,,,
262,WEATHER_WIND_SPEED_MAX_11,WEATHER_WIND_SPEED_MAX_11,,,,,,
263,WEATHER_WIND_SPEED_MAX_12,WEATHER_WIND_SPEED_MAX_12,,,,,,
264,WEATHER_WIND_SPEED_MIN_01,WEATHER_WIND_SPEED_MIN_01,,,,,,
265,WEATHER_WIND_SPEED_MIN_02,WEATHER_WIND_SPEED_MIN_02,,,,,,
266,WEATHER_WIND_SPEED_MIN_03,WEATHER_WIND_SPEED_MIN_03,,,,,,
267,WEATHER_WIND_SPEED_MIN_04,WEATHER_WIND_SPEED_MIN_04,,,,,,
268,WEATHER_WIND_SPEED_MIN_05,WEATHER_WIND_SPEED_MIN_05,,,,,,
269,WEATHER_WIND_SPEED_MIN_06,WEATHER_WIND_SPEED_MIN_06,,,,,,
270,WEATHER_WIND_SPEED_MIN_07,WEATHER_WIND_SPEED_MIN_07,,,,,,
271,WEATHER_WIND_SPEED_MIN_08,WEATHER_WIND_SPEED_MIN_08,,,,,,
272,WEATHER_WIND_SPEED_MIN_09,WEATHER_WIND_SPEED_MIN_09,,,,,,
273,WEATHER_WIND_SPEED_MIN_10,WEATHER_WIND_SPEED_MIN_10,,,,,,
274,WEATHER_WIND_SPEED_MIN_11,WEATHER_WIND_SPEED_MIN_11,,,,,,
275,WEATHER_WIND_SPEED_MIN_12,WEATHER_WIND_SPEED_MIN_12,,,,,,
276,WEATHER_WIND_SPEED_VAR_01,WEATHER_WIND_SPEED_VAR_01,,,,,,
277,WEATHER_WIND_SPEED_VAR_02,WEATHER_WIND_SPEED_VAR_02,,,,,,
278,WEATHER_WIND_SPEED_VAR_03,WEATHER_WIND_SPEED_VAR_03,,,,,,
279,WEATHER_WIND_SPEED_VAR_04,WEATHER_WIND_SPEED_VAR_04,,,,,,
280,WEATHER_WIND_SPEED_VAR_05,WEATHER_WIND_SPEED_VAR_05,,,,,,
281,WEATHER_WIND_SPEED_VAR_06,WEATHER_WIND_SPEED_VAR_06,,,,,,
282,WEATHER_WIND_SPEED_VAR_07,WEATHER_WIND_SPEED_VAR_07,,,,,,
283,WEATHER_WIND_SPEED_VAR_08,WEATHER_WIND_SPEED_VAR_08,,,,,,
284,WEATHER_WIND_SPEED_VAR_09,WEATHER_WIND_SPEED_VAR_09,,,,,,
285,WEATHER_WIND_SPEED_VAR_10,WEATHER_WIND_SPEED_VAR_10,,,,,,
286,WEATHER_WIND_SPEED_VAR_11,WEATHER_WIND_SPEED_VAR_11,,,,,,
287,WEATHER_WIND_SPEED_VAR_12,WEATHER_WIND_SPEED_VAR_12,,,,,,
288,X0000,HPXML.Building.BuildingDetails.Appliances.ClothesDryer.CombinedEnergyFactor,,,TRUE,__double__,292,8342
289,X0056,HPXML.Building.BuildingDetails.Appliances.ClothesDryer.extension.IsVented,,FALSE,TRUE,,324,1601
290,X0057,HPXML.Building.BuildingDetails.Appliances.ClothesDryer.extension.IsVented,,TRUE,TRUE,,324,1601
291,X0058,HPXML.Building.BuildingDetails.Appliances.ClothesDryer.extension.VentedFlowRate,,,TRUE,__double__,61,226804
292,X0059,HPXML.Building.BuildingDetails.Appliances.ClothesWasher.Capacity,,,TRUE,__double__,,
293,X0060,HPXML.Building.BuildingDetails.Appliances.ClothesWasher.IntegratedModifiedEnergyFactor,,,TRUE,__double__,,
294,X0062,HPXML.Building.BuildingDetails.Appliances.ClothesWasher.LabelElectricRate,,,TRUE,__double__,,
295,X0094,HPXML.Building.BuildingDetails.Appliances.CookingRange.FuelType,,electricity,TRUE,,315,1601
296,X0096,HPXML.Building.BuildingDetails.Appliances.CookingRange.FuelType,,natural gas,TRUE,,315,1601
297,X0107,HPXML.Building.BuildingDetails.Appliances.CookingRange.FuelType,,propane,TRUE,,315,1601
298,X0118,HPXML.Building.BuildingDetails.Appliances.CookingRange.IsInduction,,FALSE,TRUE,,338,1601
299,X0119,HPXML.Building.BuildingDetails.Appliances.CookingRange.IsInduction,,TRUE,TRUE,,338,1601
300,X0138,HPXML.Building.BuildingDetails.BuildingSummary.BuildingConstruction.ConditionedFloorArea,,,FALSE,__double__,12,5336155
301,X0139,HPXML.Building.BuildingDetails.BuildingSummary.BuildingConstruction.NumberofBathrooms,,,FALSE,__double__,294,5576
302,X0140,HPXML.Building.BuildingDetails.BuildingSummary.BuildingConstruction.NumberofBedrooms,,,FALSE,__double__,293,7562
303,X0141,HPXML.Building.BuildingDetails.BuildingSummary.BuildingConstruction.NumberofConditionedFloors,,,FALSE,__double__,302,4084
304,X0142,HPXML.Building.BuildingDetails.BuildingSummary.BuildingConstruction.NumberofConditionedFloorsAboveGrade,,,FALSE,__double__,301,4084
305,X0143,HPXML.Building.BuildingDetails.BuildingSummary.BuildingConstruction.ResidentialFacilityType,,single-family detached,FALSE,,,
306,X0144,HPXML.Building.BuildingDetails.BuildingSummary.BuildingConstruction.ResidentialFacilityType,,single-family attached,FALSE,,,
307,X0155,HPXML.Building.BuildingDetails.BuildingSummary.BuildingOccupancy.NumberofResidents,,,FALSE,__double__,291,9666
308,X0164,HPXML.Building.BuildingDetails.ClimateandRiskZones.ClimateZoneIECC.ClimateZone,,3C,FALSE,,357,1601
309,X0168,HPXML.Building.BuildingDetails.ClimateandRiskZones.ClimateZoneIECC.ClimateZone,,5A,FALSE,,357,1601
310,X0171,HPXML.Building.BuildingDetails.ClimateandRiskZones.ClimateZoneIECC.ClimateZone,,6A,FALSE,,357,1601
311,X0177,HPXML.Building.BuildingDetails.Enclosure.AirInfiltration.AirInfiltrationMeasurement.BuildingAirLeakage.AirLeakage,,,TRUE,__double__,255,23833
312,X0183,HPXML.Building.BuildingDetails.Systems.HVAC.HVACControl.ControlType,,programmable thermostat,TRUE,,339,1601
313,X0184,HPXML.Building.BuildingDetails.Systems.HVAC.HVACControl.ControlType,,manual thermostat,TRUE,,339,1601
314,X0189,HPXML.Building.BuildingDetails.Systems.HVAC.HVACControl.SetbackTempHeatingSeason,,,TRUE,__double__,190,96363
315,X0192,HPXML.Building.BuildingDetails.Systems.HVAC.HVACControl.SetupTempCoolingSeason,,,TRUE,__double__,166,123664
316,X0193,HPXML.Building.BuildingDetails.Systems.HVAC.HVACControl.TotalSetbackHoursperWeekHeating,,,TRUE,__double__,216,73612
317,X0194,HPXML.Building.BuildingDetails.Systems.HVAC.HVACControl.TotalSetupHoursperWeekCooling,,,TRUE,__double__,232,62995
318,X0195,HPXML.Building.BuildingDetails.Systems.HVAC.HVACControl.extension.SetbackStartHourHeating,,,TRUE,__double__,250,34179
319,X0196,HPXML.Building.BuildingDetails.Systems.HVAC.HVACControl.extension.SetupStartHourCooling,,,TRUE,__double__,285,12954
320,X0268,HPXML.Building.BuildingDetails.Enclosure.Doors.Door[DoorNorth1].RValue,,,TRUE,__double__,,
321,X0277,HPXML.Building.BuildingDetails.Enclosure.Doors.Door[DoorSouth1].RValue,,,TRUE,__double__,,
322,X0280,HPXML.Building.BuildingDetails.Enclosure.FoundationWalls.FoundationWall[FoundationWallBasementConditionedExposed1].Area,,,FALSE,__double__,33,1006427
323,X0283,HPXML.Building.BuildingDetails.Enclosure.FoundationWalls.FoundationWall[FoundationWallBasementConditionedExposed1].DepthBelowGrade,,,FALSE,__double__,290,9925
324,X0303,HPXML.Building.BuildingDetails.Enclosure.FoundationWalls.FoundationWall[FoundationWallBasementConditionedExposed1].ExteriorAdjacentTo,,ground,FALSE,,319,1601
325,X0373,HPXML.Building.BuildingDetails.Enclosure.FoundationWalls.FoundationWall[FoundationWallBasementConditionedExposed1].Height,,,FALSE,__double__,286,11439
326,X0376,HPXML.Building.BuildingDetails.Enclosure.FoundationWalls.FoundationWall[FoundationWallBasementConditionedExposed1].Insulation.AssemblyEffectiveRValue,,,TRUE,__double__,406,732
327,X0385,HPXML.Building.BuildingDetails.Enclosure.FoundationWalls.FoundationWall[FoundationWallBasementConditionedExposed1].InteriorAdjacentTo,,basement - conditioned,FALSE,,323,1601
328,X0466,HPXML.Building.BuildingDetails.Enclosure.FoundationWalls.FoundationWall[FoundationWallBasementConditionedExposed1].Thickness,,,TRUE,__double__,289,11439
329,X0658,HPXML.Building.BuildingDetails.Enclosure.FoundationWalls.FoundationWall[FoundationWallBasementConditionedToCrawlVented1].Area,,,FALSE,__double__,182,103946
330,X0661,HPXML.Building.BuildingDetails.Enclosure.FoundationWalls.FoundationWall[FoundationWallBasementConditionedToCrawlVented1].DepthBelowGrade,,,FALSE,__double__,306,3891
331,X0677,HPXML.Building.BuildingDetails.Enclosure.FoundationWalls.FoundationWall[FoundationWallBasementConditionedToCrawlVented1].ExteriorAdjacentTo,,crawlspace - vented,FALSE,,353,1601
332,X0751,HPXML.Building.BuildingDetails.Enclosure.FoundationWalls.FoundationWall[FoundationWallBasementConditionedToCrawlVented1].Height,,,FALSE,__double__,300,5392
333,X0754,HPXML.Building.BuildingDetails.Enclosure.FoundationWalls.FoundationWall[FoundationWallBasementConditionedToCrawlVented1].Insulation.AssemblyEffectiveRValue,,,TRUE,__double__,398,732
334,X0763,HPXML.Building.BuildingDetails.Enclosure.FoundationWalls.FoundationWall[FoundationWallBasementConditionedToCrawlVented1].InteriorAdjacentTo,,basement - conditioned,FALSE,,374,1601
335,X0844,HPXML.Building.BuildingDetails.Enclosure.FoundationWalls.FoundationWall[FoundationWallBasementConditionedToCrawlVented1].Thickness,,,TRUE,__double__,288,11439
336,X0847,HPXML.Building.BuildingDetails.Enclosure.FoundationWalls.FoundationWall[FoundationWallCrawlspaceVentedExposed1].Area,,,FALSE,__double__,34,994293
337,X0850,HPXML.Building.BuildingDetails.Enclosure.FoundationWalls.FoundationWall[FoundationWallCrawlspaceVentedExposed1].DepthBelowGrade,,,FALSE,__double__,305,3891
338,X0870,HPXML.Building.BuildingDetails.Enclosure.FoundationWalls.FoundationWall[FoundationWallCrawlspaceVentedExposed1].ExteriorAdjacentTo,,ground,FALSE,,380,1601
339,X0940,HPXML.Building.BuildingDetails.Enclosure.FoundationWalls.FoundationWall[FoundationWallCrawlspaceVentedExposed1].Height,,,FALSE,__double__,299,5392
340,X0943,HPXML.Building.BuildingDetails.Enclosure.FoundationWalls.FoundationWall[FoundationWallCrawlspaceVentedExposed1].Insulation.AssemblyEffectiveRValue,,,TRUE,__double__,399,732
341,X0959,HPXML.Building.BuildingDetails.Enclosure.FoundationWalls.FoundationWall[FoundationWallCrawlspaceVentedExposed1].InteriorAdjacentTo,,crawlspace - vented,FALSE,,385,1601
342,X1033,HPXML.Building.BuildingDetails.Enclosure.FoundationWalls.FoundationWall[FoundationWallCrawlspaceVentedExposed1].Thickness,,,TRUE,__double__,287,11439
343,X1226,HPXML.Building.BuildingDetails.Enclosure.Foundations.Foundation[BasementConditioned1].FoundationType.Basement.Conditioned,,TRUE,FALSE,,387,1601
344,X1232,HPXML.Building.BuildingDetails.Enclosure.Foundations.Foundation[CrawlspaceVented1].FoundationType.Crawlspace.Vented,,TRUE,FALSE,,362,1601
345,X1237,HPXML.Building.BuildingDetails.Enclosure.FrameFloors.FrameFloor[FloorAboveConditionedBasement1].Area,,,FALSE,__double__,42,760709
346,X1246,HPXML.Building.BuildingDetails.Enclosure.FrameFloors.FrameFloor[FloorAboveConditionedBasement1].ExteriorAdjacentTo,,basement - conditioned,FALSE,,354,1601
347,X1327,HPXML.Building.BuildingDetails.Enclosure.FrameFloors.FrameFloor[FloorAboveConditionedBasement1].Insulation.AssemblyEffectiveRValue,,,TRUE,__double__,405,732
348,X1348,HPXML.Building.BuildingDetails.Enclosure.FrameFloors.FrameFloor[FloorAboveConditionedBasement1].InteriorAdjacentTo,,living space,FALSE,,356,1601
349,X1417,HPXML.Building.BuildingDetails.Enclosure.FrameFloors.FrameFloor[FloorAboveVentedCrawl1].Area,,,FALSE,__double__,24,2509553
350,X1433,HPXML.Building.BuildingDetails.Enclosure.FrameFloors.FrameFloor[FloorAboveVentedCrawl1].ExteriorAdjacentTo,,crawlspace - vented,FALSE,,352,1601
351,X1507,HPXML.Building.BuildingDetails.Enclosure.FrameFloors.FrameFloor[FloorAboveVentedCrawl1].Insulation.AssemblyEffectiveRValue,,,TRUE,__double__,303,4040
352,X1528,HPXML.Building.BuildingDetails.Enclosure.FrameFloors.FrameFloor[FloorAboveVentedCrawl1].InteriorAdjacentTo,,living space,FALSE,,364,1601
353,X1597,HPXML.Building.BuildingDetails.Enclosure.FrameFloors.FrameFloor[FloorBelowAttic1].Area,,,FALSE,__double__,17,3378743
354,X1687,HPXML.Building.BuildingDetails.Enclosure.FrameFloors.FrameFloor[FloorBelowAttic1].Insulation.AssemblyEffectiveRValue,,,TRUE,__double__,215,73874
355,X1777,HPXML.Building.BuildingDetails.Enclosure.RimJoists.RimJoist[RimJoistBasementConditionedExposed1].Area,,,FALSE,__double__,172,114563
356,X1780,HPXML.Building.BuildingDetails.Enclosure.RimJoists.RimJoist[RimJoistBasementConditionedExposed1].Emittance,,,TRUE,__double__,392,938
357,X1810,HPXML.Building.BuildingDetails.Enclosure.RimJoists.RimJoist[RimJoistBasementConditionedExposed1].ExteriorAdjacentTo,,outside,FALSE,,369,1601
358,X1870,HPXML.Building.BuildingDetails.Enclosure.RimJoists.RimJoist[RimJoistBasementConditionedExposed1].Insulation.AssemblyEffectiveRValue,,,TRUE,__double__,397,732
359,X1879,HPXML.Building.BuildingDetails.Enclosure.RimJoists.RimJoist[RimJoistBasementConditionedExposed1].InteriorAdjacentTo,,basement - conditioned,FALSE,,320,1601
360,X1960,HPXML.Building.BuildingDetails.Enclosure.RimJoists.RimJoist[RimJoistBasementConditionedExposed1].SolarAbsorptance,,,TRUE,__double__,400,732
361,X2149,HPXML.Building.BuildingDetails.Enclosure.RimJoists.RimJoist[RimJoistCrawlspaceVentedExposed1].Area,,,FALSE,__double__,57,248039
362,X2152,HPXML.Building.BuildingDetails.Enclosure.RimJoists.RimJoist[RimJoistCrawlspaceVentedExposed1].Emittance,,,TRUE,__double__,390,938
363,X2182,HPXML.Building.BuildingDetails.Enclosure.RimJoists.RimJoist[RimJoistCrawlspaceVentedExposed1].ExteriorAdjacentTo,,outside,FALSE,,368,1601
364,X2242,HPXML.Building.BuildingDetails.Enclosure.RimJoists.RimJoist[RimJoistCrawlspaceVentedExposed1].Insulation.AssemblyEffectiveRValue,,,TRUE,__double__,401,732
365,X2258,HPXML.Building.BuildingDetails.Enclosure.RimJoists.RimJoist[RimJoistCrawlspaceVentedExposed1].InteriorAdjacentTo,,crawlspace - vented,FALSE,,366,1601
366,X2332,HPXML.Building.BuildingDetails.Enclosure.RimJoists.RimJoist[RimJoistCrawlspaceVentedExposed1].SolarAbsorptance,,,TRUE,__double__,402,732
367,X2522,HPXML.Building.BuildingDetails.Enclosure.RimJoists.RimJoist[RimJoistStory2Exposed].Area,,,FALSE,__double__,59,234388
368,X2523,HPXML.Building.BuildingDetails.Enclosure.RimJoists.RimJoist[RimJoistStory3Exposed].Area,,,FALSE,__double__,139,147932
369,X2524,HPXML.Building.BuildingDetails.Enclosure.RimJoists.RimJoist[RimJoistStory4Exposed].Area,,,FALSE,__double__,,
370,X2525,HPXML.Building.BuildingDetails.Enclosure.RimJoists.RimJoist[RimJoistStory5Exposed].Area,,,FALSE,__double__,,
371,X2527,HPXML.Building.BuildingDetails.Enclosure.RimJoists.RimJoist[RimJoistStory2Exposed].Emittance,,,FALSE,__double__,393,938
372,X2528,HPXML.Building.BuildingDetails.Enclosure.RimJoists.RimJoist[RimJoistStory3Exposed].Emittance,,,FALSE,__double__,391,938
373,X2529,HPXML.Building.BuildingDetails.Enclosure.RimJoists.RimJoist[RimJoistStory4Exposed].Emittance,,,TRUE,__double__,,
374,X2530,HPXML.Building.BuildingDetails.Enclosure.RimJoists.RimJoist[RimJoistStory5Exposed].Emittance,,,TRUE,__double__,,
375,X2587,HPXML.Building.BuildingDetails.Enclosure.RimJoists.RimJoist[RimJoistStory2Exposed].ExteriorAdjacentTo,,outside,FALSE,,363,1601
376,X2616,HPXML.Building.BuildingDetails.Enclosure.RimJoists.RimJoist[RimJoistStory3Exposed].ExteriorAdjacentTo,,outside,FALSE,,361,1601
377,X2645,HPXML.Building.BuildingDetails.Enclosure.RimJoists.RimJoist[RimJoistStory4Exposed].ExteriorAdjacentTo,,outside,FALSE,,,
378,X2674,HPXML.Building.BuildingDetails.Enclosure.RimJoists.RimJoist[RimJoistStory5Exposed].ExteriorAdjacentTo,,outside,FALSE,,,
379,X2677,HPXML.Building.BuildingDetails.Enclosure.RimJoists.RimJoist[RimJoistStory2Exposed].Insulation.AssemblyEffectiveRValue,,,TRUE,__double__,256,23564
380,X2678,HPXML.Building.BuildingDetails.Enclosure.RimJoists.RimJoist[RimJoistStory3Exposed].Insulation.AssemblyEffectiveRValue,,,TRUE,__double__,297,5392
381,X2679,HPXML.Building.BuildingDetails.Enclosure.RimJoists.RimJoist[RimJoistStory4Exposed].Insulation.AssemblyEffectiveRValue,,,TRUE,__double__,,
382,X2680,HPXML.Building.BuildingDetails.Enclosure.RimJoists.RimJoist[RimJoistStory5Exposed].Insulation.AssemblyEffectiveRValue,,,TRUE,__double__,,
383,X2728,HPXML.Building.BuildingDetails.Enclosure.RimJoists.RimJoist[RimJoistStory2Exposed].InteriorAdjacentTo,,living space,FALSE,,360,1601
384,X2757,HPXML.Building.BuildingDetails.Enclosure.RimJoists.RimJoist[RimJoistStory3Exposed].InteriorAdjacentTo,,living space,FALSE,,359,1601
385,X2786,HPXML.Building.BuildingDetails.Enclosure.RimJoists.RimJoist[RimJoistStory4Exposed].InteriorAdjacentTo,,living space,FALSE,,,
386,X2815,HPXML.Building.BuildingDetails.Enclosure.RimJoists.RimJoist[RimJoistStory5Exposed].InteriorAdjacentTo,,living space,FALSE,,,
387,X2827,HPXML.Building.BuildingDetails.Enclosure.RimJoists.RimJoist[RimJoistStory2Exposed].SolarAbsorptance,,,TRUE,__double__,403,732
388,X2828,HPXML.Building.BuildingDetails.Enclosure.RimJoists.RimJoist[RimJoistStory3Exposed].SolarAbsorptance,,,TRUE,__double__,404,732
389,X2829,HPXML.Building.BuildingDetails.Enclosure.RimJoists.RimJoist[RimJoistStory4Exposed].SolarAbsorptance,,,TRUE,__double__,,
390,X2830,HPXML.Building.BuildingDetails.Enclosure.RimJoists.RimJoist[RimJoistStory5Exposed].SolarAbsorptance,,,TRUE,__double__,,
391,X2832,HPXML.Building.BuildingDetails.Enclosure.RimJoists.RimJoist[RimJoistStory2Shared].Area,,,FALSE,__double__,,
392,X2837,HPXML.Building.BuildingDetails.Enclosure.RimJoists.RimJoist[RimJoistStory2Shared].Emittance,,,TRUE,__double__,,
393,X2892,HPXML.Building.BuildingDetails.Enclosure.RimJoists.RimJoist[RimJoistStory2Shared].ExteriorAdjacentTo,,other housing unit,FALSE,,,
394,X2987,HPXML.Building.BuildingDetails.Enclosure.RimJoists.RimJoist[RimJoistStory2Shared].Insulation.AssemblyEffectiveRValue,,,TRUE,__double__,,
395,X3038,HPXML.Building.BuildingDetails.Enclosure.RimJoists.RimJoist[RimJoistStory2Shared].InteriorAdjacentTo,,living space,FALSE,,,
396,X3137,HPXML.Building.BuildingDetails.Enclosure.RimJoists.RimJoist[RimJoistStory2Shared].SolarAbsorptance,,,TRUE,__double__,,
397,X3141,HPXML.Building.BuildingDetails.Enclosure.Roofs.Roof[Roof1].Area,,,FALSE,__double__,15,3778129
398,X3144,HPXML.Building.BuildingDetails.Enclosure.Roofs.Roof[Roof1].Emittance,,,TRUE,__double__,,
399,X3147,HPXML.Building.BuildingDetails.Enclosure.Roofs.Roof[Roof1].Insulation.AssemblyEffectiveRValue,,,TRUE,__double__,,
400,X3297,HPXML.Building.BuildingDetails.Enclosure.Slabs.Slab[SlabOfBasementConditioned1].Area,,,FALSE,__double__,41,760709
401,X3300,HPXML.Building.BuildingDetails.Enclosure.Slabs.Slab[SlabOfBasementConditioned1].ExposedPerimeter,,,FALSE,__double__,171,114563
402,X3309,HPXML.Building.BuildingDetails.Enclosure.Slabs.Slab[SlabOfBasementConditioned1].InteriorAdjacentTo,,basement - conditioned,FALSE,,372,1601
403,X3391,HPXML.Building.BuildingDetails.Enclosure.Slabs.Slab[SlabOfBasementConditioned1].PerimeterInsulation.Layer.InstallationType,,continuous,FALSE,,371,1601
404,X3408,HPXML.Building.BuildingDetails.Enclosure.Slabs.Slab[SlabOfBasementConditioned1].Thickness,,,TRUE,__double__,298,5392
405,X3412,HPXML.Building.BuildingDetails.Enclosure.Slabs.Slab[SlabOfBasementConditioned1].UnderSlabInsulation.Layer.InstallationType,,continuous,FALSE,,378,1601
406,X3429,HPXML.Building.BuildingDetails.Enclosure.Slabs.Slab[SlabOfBasementConditioned1].extension.CarpetFraction,,,TRUE,__double__,388,1601
407,X3432,HPXML.Building.BuildingDetails.Enclosure.Slabs.Slab[SlabOfBasementConditioned1].extension.CarpetRValue,,,TRUE,__double__,307,2408
408,X3435,HPXML.Building.BuildingDetails.Enclosure.Slabs.Slab[SlabOnGrade1].Area,,,FALSE,__double__,20,2981271
409,X3441,HPXML.Building.BuildingDetails.Enclosure.Slabs.Slab[SlabOnGrade1].ExposedPerimeter,,,FALSE,__double__,55,267757
410,X3462,HPXML.Building.BuildingDetails.Enclosure.Slabs.Slab[SlabOnGrade1].InteriorAdjacentTo,,living space,FALSE,,384,1601
411,X3532,HPXML.Building.BuildingDetails.Enclosure.Slabs.Slab[SlabOnGrade1].PerimeterInsulation.Layer.InstallationType,,continuous,FALSE,,383,1601
412,X3543,HPXML.Building.BuildingDetails.Enclosure.Slabs.Slab[SlabOnGrade1].PerimeterInsulation.Layer.NominalRValue,,,TRUE,__double__,,
413,X3546,HPXML.Building.BuildingDetails.Enclosure.Slabs.Slab[SlabOnGrade1].PerimeterInsulationDepth,,,TRUE,__double__,,
414,X3549,HPXML.Building.BuildingDetails.Enclosure.Slabs.Slab[SlabOnGrade1].Thickness,,,TRUE,__double__,296,5392
415,X3553,HPXML.Building.BuildingDetails.Enclosure.Slabs.Slab[SlabOnGrade1].UnderSlabInsulation.Layer.InstallationType,,continuous,FALSE,,381,1601
416,X3564,HPXML.Building.BuildingDetails.Enclosure.Slabs.Slab[SlabOnGrade1].UnderSlabInsulation.Layer.NominalRValue,,,TRUE,__double__,,
417,X3567,HPXML.Building.BuildingDetails.Enclosure.Slabs.Slab[SlabOnGrade1].UnderSlabInsulationWidth,,,TRUE,__double__,,
418,X3576,HPXML.Building.BuildingDetails.Enclosure.Slabs.Slab[SlabUnderCrawlspaceVented1].Area,,,FALSE,__double__,23,2509553
419,X3579,HPXML.Building.BuildingDetails.Enclosure.Slabs.Slab[SlabUnderCrawlspaceVented1].ExposedPerimeter,,,FALSE,__double__,58,248039
420,X3595,HPXML.Building.BuildingDetails.Enclosure.Slabs.Slab[SlabUnderCrawlspaceVented1].InteriorAdjacentTo,,crawlspace - vented,FALSE,,379,1601
421,X3670,HPXML.Building.BuildingDetails.Enclosure.Slabs.Slab[SlabUnderCrawlspaceVented1].PerimeterInsulation.Layer.InstallationType,,continuous,FALSE,,377,1601
422,X3691,HPXML.Building.BuildingDetails.Enclosure.Slabs.Slab[SlabUnderCrawlspaceVented1].UnderSlabInsulation.Layer.InstallationType,,continuous,FALSE,,375,1601
423,X3714,HPXML.Building.BuildingDetails.Enclosure.Walls.Wall[WallExposed1].Area,,,FALSE,__double__,13,4525102
424,X3717,HPXML.Building.BuildingDetails.Enclosure.Walls.Wall[WallExposed1].Emittance,,,TRUE,__double__,,
425,X3807,HPXML.Building.BuildingDetails.Enclosure.Walls.Wall[WallExposed1].Insulation.AssemblyEffectiveRValue,,,TRUE,__double__,254,24768
426,X3897,HPXML.Building.BuildingDetails.Enclosure.Walls.Wall[WallExposed1].Siding,,wood siding,TRUE,,376,1601
427,X3898,HPXML.Building.BuildingDetails.Enclosure.Walls.Wall[WallExposed1].Siding,,stucco,TRUE,,376,1601
428,X3900,HPXML.Building.BuildingDetails.Enclosure.Walls.Wall[WallExposed1].Siding,,vinyl siding,TRUE,,376,1601
429,X3936,HPXML.Building.BuildingDetails.Enclosure.Walls.Wall[WallShared1].Area,,,FALSE,__double__,,
430,X3939,HPXML.Building.BuildingDetails.Enclosure.Walls.Wall[WallShared1].Emittance,,,TRUE,__double__,,
431,X3964,HPXML.Building.BuildingDetails.Enclosure.Walls.Wall[WallShared1].ExteriorAdjacentTo,,other housing unit,FALSE,,,
432,X4029,HPXML.Building.BuildingDetails.Enclosure.Walls.Wall[WallShared1].Insulation.AssemblyEffectiveRValue,,,TRUE,__double__,,
433,X4050,HPXML.Building.BuildingDetails.Enclosure.Walls.Wall[WallShared1].InteriorAdjacentTo,,living space,FALSE,,,
434,X4119,HPXML.Building.BuildingDetails.Enclosure.Walls.Wall[WallShared1].SolarAbsorptance,,,TRUE,__double__,,
435,X4122,HPXML.Building.BuildingDetails.Enclosure.Windows.Window[WindowEast1].Area,,,FALSE,__double__,149,143382
436,X4125,HPXML.Building.BuildingDetails.Enclosure.Windows.Window[WindowEast1].Azimuth,,,FALSE,__double__,158,135798
437,X4128,HPXML.Building.BuildingDetails.Enclosure.Windows.Window[WindowEast1].SHGC,,,TRUE,__double__,408,658
438,X4131,HPXML.Building.BuildingDetails.Enclosure.Windows.Window[WindowEast1].UFactor,,,TRUE,__double__,411,645
439,X4134,HPXML.Building.BuildingDetails.Enclosure.Windows.Window[WindowNorthEast1].Area,,,FALSE,__double__,,
440,X4137,HPXML.Building.BuildingDetails.Enclosure.Windows.Window[WindowNorthEast1].Azimuth,,,FALSE,__double__,,
441,X4140,HPXML.Building.BuildingDetails.Enclosure.Windows.Window[WindowNorthEast1].SHGC,,,TRUE,__double__,,
442,X4143,HPXML.Building.BuildingDetails.Enclosure.Windows.Window[WindowNorthEast1].UFactor,,,TRUE,__double__,,
443,X4146,HPXML.Building.BuildingDetails.Enclosure.Windows.Window[WindowNorthWest1].Area,,,FALSE,__double__,,
444,X4149,HPXML.Building.BuildingDetails.Enclosure.Windows.Window[WindowNorthWest1].Azimuth,,,FALSE,__double__,,
445,X4152,HPXML.Building.BuildingDetails.Enclosure.Windows.Window[WindowNorthWest1].SHGC,,,TRUE,__double__,,
446,X4155,HPXML.Building.BuildingDetails.Enclosure.Windows.Window[WindowNorthWest1].UFactor,,,TRUE,__double__,,
447,X4158,HPXML.Building.BuildingDetails.Enclosure.Windows.Window[WindowNorth1].Area,,,FALSE,__double__,146,144899
448,X4164,HPXML.Building.BuildingDetails.Enclosure.Windows.Window[WindowNorth1].SHGC,,,TRUE,__double__,409,658
449,X4167,HPXML.Building.BuildingDetails.Enclosure.Windows.Window[WindowNorth1].UFactor,,,TRUE,__double__,412,645
450,X4170,HPXML.Building.BuildingDetails.Enclosure.Windows.Window[WindowSouthEast1].Area,,,FALSE,__double__,,
451,X4173,HPXML.Building.BuildingDetails.Enclosure.Windows.Window[WindowSouthEast1].Azimuth,,,FALSE,__double__,,
452,X4176,HPXML.Building.BuildingDetails.Enclosure.Windows.Window[WindowSouthEast1].SHGC,,,TRUE,__double__,,
453,X4179,HPXML.Building.BuildingDetails.Enclosure.Windows.Window[WindowSouthEast1].UFactor,,,TRUE,__double__,,
454,X4182,HPXML.Building.BuildingDetails.Enclosure.Windows.Window[WindowSouthWest1].Area,,,FALSE,__double__,,
455,X4185,HPXML.Building.BuildingDetails.Enclosure.Windows.Window[WindowSouthWest1].Azimuth,,,FALSE,__double__,,
456,X4188,HPXML.Building.BuildingDetails.Enclosure.Windows.Window[WindowSouthWest1].SHGC,,,TRUE,__double__,,
457,X4191,HPXML.Building.BuildingDetails.Enclosure.Windows.Window[WindowSouthWest1].UFactor,,,TRUE,__double__,,
458,X4194,HPXML.Building.BuildingDetails.Enclosure.Windows.Window[WindowSouth1].Area,,,FALSE,__double__,145,144899
459,X4197,HPXML.Building.BuildingDetails.Enclosure.Windows.Window[WindowSouth1].Azimuth,,,FALSE,__double__,54,272307
460,X4200,HPXML.Building.BuildingDetails.Enclosure.Windows.Window[WindowSouth1].SHGC,,,TRUE,__double__,410,658
461,X4203,HPXML.Building.BuildingDetails.Enclosure.Windows.Window[WindowSouth1].UFactor,,,TRUE,__double__,413,645
462,X4206,HPXML.Building.BuildingDetails.Enclosure.Windows.Window[WindowWest1].Area,,,FALSE,__double__,150,143382
463,X4209,HPXML.Building.BuildingDetails.Enclosure.Windows.Window[WindowWest1].Azimuth,,,FALSE,__double__,48,408817
464,X4212,HPXML.Building.BuildingDetails.Enclosure.Windows.Window[WindowWest1].SHGC,,,TRUE,__double__,407,658
465,X4215,HPXML.Building.BuildingDetails.Enclosure.Windows.Window[WindowWest1].UFactor,,,TRUE,__double__,414,645
466,X4218,HPXML.Building.BuildingDetails.Lighting.LightingGroup[LightingExteriorCFL1].FractionofUnitsInLocation,,,TRUE,__double__,,
467,X4233,HPXML.Building.BuildingDetails.Lighting.LightingGroup[LightingExteriorLED1].FractionofUnitsInLocation,,,TRUE,__double__,,
468,X4248,HPXML.Building.BuildingDetails.Lighting.LightingGroup[LightingExteriorLFL1].FractionofUnitsInLocation,,,TRUE,__double__,,
469,X4263,HPXML.Building.BuildingDetails.Lighting.LightingGroup[LightingGarageCFL1].FractionofUnitsInLocation,,,TRUE,__double__,,
470,X4278,HPXML.Building.BuildingDetails.Lighting.LightingGroup[LightingGarageLED1].FractionofUnitsInLocation,,,TRUE,__double__,,
471,X4293,HPXML.Building.BuildingDetails.Lighting.LightingGroup[LightingGarageLFL1].FractionofUnitsInLocation,,,TRUE,__double__,,
472,X4308,HPXML.Building.BuildingDetails.Lighting.LightingGroup[LightingInteriorCFL1].FractionofUnitsInLocation,,,TRUE,__double__,,
473,X4323,HPXML.Building.BuildingDetails.Lighting.LightingGroup[LightingInteriorLED1].FractionofUnitsInLocation,,,TRUE,__double__,,
474,X4338,HPXML.Building.BuildingDetails.Lighting.LightingGroup[LightingInteriorLFL1].FractionofUnitsInLocation,,,TRUE,__double__,,
475,X4386,HPXML.Building.BuildingDetails.Systems.HVAC.HVACDistribution[HVACDistributionAir1].ConditionedFloorAreaServed,,,FALSE,__double__,14,4344854
476,X4389,HPXML.Building.BuildingDetails.Systems.HVAC.HVACDistribution[HVACDistributionAir1].DistributionSystemType.AirDistribution.AirDistributionType,,regular velocity,TRUE,,314,1601
477,X4391,HPXML.Building.BuildingDetails.Systems.HVAC.HVACDistribution[HVACDistributionAir1].DistributionSystemType.AirDistribution.AirDistributionType,,gravity,TRUE,,314,1601
478,X4398,HPXML.Building.BuildingDetails.Systems.HVAC.HVACDistribution[HVACDistributionAir1].DistributionSystemType.AirDistribution.DuctLeakageMeasurement[HVACDistributionAir1Return].DuctLeakage.TotalOrToOutside,,to outside,TRUE,,313,1601
479,X4413,HPXML.Building.BuildingDetails.Systems.HVAC.HVACDistribution[HVACDistributionAir1].DistributionSystemType.AirDistribution.DuctLeakageMeasurement[HVACDistributionAir1Return].DuctLeakage.Units,,Percent,FALSE,,312,1601
480,X4434,HPXML.Building.BuildingDetails.Systems.HVAC.HVACDistribution[HVACDistributionAir1].DistributionSystemType.AirDistribution.DuctLeakageMeasurement[HVACDistributionAir1Return].DuctLeakage.Value,,,TRUE,__double__,395,763
481,X4441,HPXML.Building.BuildingDetails.Systems.HVAC.HVACDistribution[HVACDistributionAir1].DistributionSystemType.AirDistribution.DuctLeakageMeasurement[HVACDistributionAir1Return].DuctType,,return,FALSE,,311,1601
482,X4452,HPXML.Building.BuildingDetails.Systems.HVAC.HVACDistribution[HVACDistributionAir1].DistributionSystemType.AirDistribution.DuctLeakageMeasurement[HVACDistributionAir1Supply].DuctLeakage.TotalOrToOutside,,to outside,TRUE,,310,1601
483,X4467,HPXML.Building.BuildingDetails.Systems.HVAC.HVACDistribution[HVACDistributionAir1].DistributionSystemType.AirDistribution.DuctLeakageMeasurement[HVACDistributionAir1Supply].DuctLeakage.Units,,Percent,FALSE,,327,1601
484,X4488,HPXML.Building.BuildingDetails.Systems.HVAC.HVACDistribution[HVACDistributionAir1].DistributionSystemType.AirDistribution.DuctLeakageMeasurement[HVACDistributionAir1Supply].DuctLeakage.Value,,,TRUE,__double__,396,763
485,X4494,HPXML.Building.BuildingDetails.Systems.HVAC.HVACDistribution[HVACDistributionAir1].DistributionSystemType.AirDistribution.DuctLeakageMeasurement[HVACDistributionAir1Supply].DuctType,,supply,TRUE,,318,1601
486,X4513,HPXML.Building.BuildingDetails.Systems.HVAC.HVACDistribution[HVACDistributionAir1].DistributionSystemType.AirDistribution.Ducts[HVACDistribution1Return].DuctType,,return,FALSE,,328,1601
487,X4530,HPXML.Building.BuildingDetails.Systems.HVAC.HVACDistribution[HVACDistributionAir1].DistributionSystemType.AirDistribution.Ducts[HVACDistribution1Supply].DuctType,,supply,TRUE,,340,1601
488,X4542,HPXML.Building.BuildingDetails.Systems.HVAC.HVACDistribution[HVACDistributionAir1].DistributionSystemType.AirDistribution.NumberofReturnRegisters,,,TRUE,__double__,304,3891
489,X4545,HPXML.Building.BuildingDetails.Systems.HVAC.HVACDistribution[HVACDistributionHydronic1].ConditionedFloorAreaServed,,,FALSE,__double__,,
490,X4548,HPXML.Building.BuildingDetails.Systems.HVAC.HVACDistribution[HVACDistributionHydronic1].DistributionSystemType.HydronicDistribution.HydronicDistributionType,,radiator,TRUE,,,
491,X4549,HPXML.Building.BuildingDetails.Systems.HVAC.HVACDistribution[HVACDistributionHydronic1].DistributionSystemType.HydronicDistribution.HydronicDistributionType,,baseboard,TRUE,,,
492,X4550,HPXML.Building.BuildingDetails.Systems.HVAC.HVACDistribution[HVACDistributionHydronic1].DistributionSystemType.HydronicDistribution.HydronicDistributionType,,radiant floor,TRUE,,,
493,X4563,HPXML.Building.BuildingDetails.Systems.HVAC.HVACPlant[HVACPlant1].CoolingSystem[CentralAirConditioner1].AnnualCoolingEfficiency.Units,,SEER,FALSE,,347,1601
494,X4605,HPXML.Building.BuildingDetails.Systems.HVAC.HVACPlant[HVACPlant1].CoolingSystem[CentralAirConditioner1].AnnualCoolingEfficiency.Value,,,TRUE,__double__,279,19016
495,X4611,HPXML.Building.BuildingDetails.Systems.HVAC.HVACPlant[HVACPlant1].CoolingSystem[CentralAirConditioner1].CoolingSystemFuel,,electricity,TRUE,,345,1601
496,X4755,HPXML.Building.BuildingDetails.Systems.HVAC.HVACPlant[HVACPlant1].CoolingSystem[CentralAirConditioner1].CoolingSystemType,,central air conditioner,TRUE,,344,1601
497,X4785,HPXML.Building.BuildingDetails.Systems.HVAC.HVACPlant[HVACPlant1].CoolingSystem[CentralAirConditioner1].FractionCoolLoadServed,,,TRUE,__double__,343,1601
498,X4791,HPXML.Building.BuildingDetails.Systems.HVAC.HVACPlant[HVACPlant1].CoolingSystem[EvaporativeCooler1].CoolingSystemFuel,,electricity,TRUE,,,
499,X4938,HPXML.Building.BuildingDetails.Systems.HVAC.HVACPlant[HVACPlant1].CoolingSystem[EvaporativeCooler1].CoolingSystemType,,evaporative cooler,FALSE,,,
500,X4965,HPXML.Building.BuildingDetails.Systems.HVAC.HVACPlant[HVACPlant1].CoolingSystem[EvaporativeCooler1].FractionCoolLoadServed,,,TRUE,__double__,,
501,X4974,HPXML.Building.BuildingDetails.Systems.HVAC.HVACPlant[HVACPlant1].CoolingSystem[RoomAirConditioner1].AnnualCoolingEfficiency.Units,,EER,FALSE,,,
502,X5013,HPXML.Building.BuildingDetails.Systems.HVAC.HVACPlant[HVACPlant1].CoolingSystem[RoomAirConditioner1].AnnualCoolingEfficiency.Value,,,TRUE,__double__,,
503,X5019,HPXML.Building.BuildingDetails.Systems.HVAC.HVACPlant[HVACPlant1].CoolingSystem[RoomAirConditioner1].CoolingSystemFuel,,electricity,TRUE,,,
504,X5165,HPXML.Building.BuildingDetails.Systems.HVAC.HVACPlant[HVACPlant1].CoolingSystem[RoomAirConditioner1].CoolingSystemType,,room air conditioner,FALSE,,,
505,X5193,HPXML.Building.BuildingDetails.Systems.HVAC.HVACPlant[HVACPlant1].CoolingSystem[RoomAirConditioner1].FractionCoolLoadServed,,,TRUE,__double__,,
506,X5199,HPXML.Building.BuildingDetails.Systems.HVAC.HVACPlant[HVACPlant1].HeatPump[ASHP1].AnnualCoolingEfficiency.Units,,SEER,FALSE,,342,1601
507,X5241,HPXML.Building.BuildingDetails.Systems.HVAC.HVACPlant[HVACPlant1].HeatPump[ASHP1].AnnualCoolingEfficiency.Value,,,TRUE,__double__,253,24837
508,X5247,HPXML.Building.BuildingDetails.Systems.HVAC.HVACPlant[HVACPlant1].HeatPump[ASHP1].AnnualHeatingEfficiency.Units,,HSPF,FALSE,,330,1601
509,X5277,HPXML.Building.BuildingDetails.Systems.HVAC.HVACPlant[HVACPlant1].HeatPump[ASHP1].AnnualHeatingEfficiency.Value,,,TRUE,__double__,275,19774
510,X5287,HPXML.Building.BuildingDetails.Systems.HVAC.HVACPlant[HVACPlant1].HeatPump[ASHP1].BackupAnnualHeatingEfficiency.Units,,Percent,FALSE,,337,1601
511,X5313,HPXML.Building.BuildingDetails.Systems.HVAC.HVACPlant[HVACPlant1].HeatPump[ASHP1].BackupAnnualHeatingEfficiency.Value,,,TRUE,__double__,336,1601
512,X5319,HPXML.Building.BuildingDetails.Systems.HVAC.HVACPlant[HVACPlant1].HeatPump[ASHP1].BackupSystemFuel,,electricity,TRUE,,335,1601
513,X5465,HPXML.Building.BuildingDetails.Systems.HVAC.HVACPlant[HVACPlant1].HeatPump[ASHP1].CompressorType,,variable speed,FALSE,,334,1601
514,X5481,HPXML.Building.BuildingDetails.Systems.HVAC.HVACPlant[HVACPlant1].HeatPump[ASHP1].FractionCoolLoadServed,,,TRUE,__double__,333,1601
515,X5487,HPXML.Building.BuildingDetails.Systems.HVAC.HVACPlant[HVACPlant1].HeatPump[ASHP1].FractionHeatLoadServed,,,TRUE,__double__,332,1601
516,X5493,HPXML.Building.BuildingDetails.Systems.HVAC.HVACPlant[HVACPlant1].HeatPump[ASHP1].HeatPumpFuel,,electricity,TRUE,,331,1601
517,X5639,HPXML.Building.BuildingDetails.Systems.HVAC.HVACPlant[HVACPlant1].HeatPump[ASHP1].HeatPumpType,,air-to-air,FALSE,,329,1601
518,X5679,HPXML.Building.BuildingDetails.Systems.HVAC.HVACPlant[HVACPlant1].HeatPump[ASHP1].YearInstalled,,,TRUE,__double__,,
519,X5685,HPXML.Building.BuildingDetails.Systems.HVAC.HVACPlant[HVACPlant1].HeatPump[MiniSplitHP1].AnnualCoolingEfficiency.Units,,SEER,FALSE,,308,1601
520,X5727,HPXML.Building.BuildingDetails.Systems.HVAC.HVACPlant[HVACPlant1].HeatPump[MiniSplitHP1].AnnualCoolingEfficiency.Value,,,TRUE,__double__,257,23564
521,X5733,HPXML.Building.BuildingDetails.Systems.HVAC.HVACPlant[HVACPlant1].HeatPump[MiniSplitHP1].AnnualHeatingEfficiency.Units,,HSPF,FALSE,,317,1601
522,X5763,HPXML.Building.BuildingDetails.Systems.HVAC.HVACPlant[HVACPlant1].HeatPump[MiniSplitHP1].AnnualHeatingEfficiency.Value,,,TRUE,__double__,283,15317
523,X5773,HPXML.Building.BuildingDetails.Systems.HVAC.HVACPlant[HVACPlant1].HeatPump[MiniSplitHP1].BackupAnnualHeatingEfficiency.Units,,Percent,FALSE,,351,1601
524,X5799,HPXML.Building.BuildingDetails.Systems.HVAC.HVACPlant[HVACPlant1].HeatPump[MiniSplitHP1].BackupAnnualHeatingEfficiency.Value,,,TRUE,__double__,316,1601
525,X5805,HPXML.Building.BuildingDetails.Systems.HVAC.HVACPlant[HVACPlant1].HeatPump[MiniSplitHP1].BackupSystemFuel,,electricity,TRUE,,309,1601
526,X5951,HPXML.Building.BuildingDetails.Systems.HVAC.HVACPlant[HVACPlant1].HeatPump[MiniSplitHP1].CompressorType,,variable speed,FALSE,,321,1601
527,X5967,HPXML.Building.BuildingDetails.Systems.HVAC.HVACPlant[HVACPlant1].HeatPump[MiniSplitHP1].FractionCoolLoadServed,,,TRUE,__double__,322,1601
528,X5973,HPXML.Building.BuildingDetails.Systems.HVAC.HVACPlant[HVACPlant1].HeatPump[MiniSplitHP1].FractionHeatLoadServed,,,TRUE,__double__,325,1601
529,X5979,HPXML.Building.BuildingDetails.Systems.HVAC.HVACPlant[HVACPlant1].HeatPump[MiniSplitHP1].HeatPumpFuel,,electricity,TRUE,,326,1601
530,X6127,HPXML.Building.BuildingDetails.Systems.HVAC.HVACPlant[HVACPlant1].HeatPump[MiniSplitHP1].HeatPumpType,,mini-split,FALSE,,348,1601
531,X6168,HPXML.Building.BuildingDetails.Systems.HVAC.HVACPlant[HVACPlant1].HeatingSystem[Boiler1].AnnualHeatingEfficiency.Units,,AFUE,FALSE,,,
532,X6195,HPXML.Building.BuildingDetails.Systems.HVAC.HVACPlant[HVACPlant1].HeatingSystem[Boiler1].AnnualHeatingEfficiency.Value,,,TRUE,__double__,,
533,X6201,HPXML.Building.BuildingDetails.Systems.HVAC.HVACPlant[HVACPlant1].HeatingSystem[Boiler1].FractionHeatLoadServed,,,TRUE,__double__,,
534,X6207,HPXML.Building.BuildingDetails.Systems.HVAC.HVACPlant[HVACPlant1].HeatingSystem[Boiler1].HeatingSystemFuel,,electricity,TRUE,,,
535,X6209,HPXML.Building.BuildingDetails.Systems.HVAC.HVACPlant[HVACPlant1].HeatingSystem[Boiler1].HeatingSystemFuel,,natural gas,TRUE,,,
536,X6211,HPXML.Building.BuildingDetails.Systems.HVAC.HVACPlant[HVACPlant1].HeatingSystem[Boiler1].HeatingSystemFuel,,fuel oil,TRUE,,,
537,X6220,HPXML.Building.BuildingDetails.Systems.HVAC.HVACPlant[HVACPlant1].HeatingSystem[Boiler1].HeatingSystemFuel,,propane,TRUE,,,
538,X6223,HPXML.Building.BuildingDetails.Systems.HVAC.HVACPlant[HVACPlant1].HeatingSystem[Boiler1].HeatingSystemFuel,,coal,TRUE,,,
539,X6227,HPXML.Building.BuildingDetails.Systems.HVAC.HVACPlant[HVACPlant1].HeatingSystem[Boiler1].HeatingSystemFuel,,wood,TRUE,,,
540,X6351,HPXML.Building.BuildingDetails.Systems.HVAC.HVACPlant[HVACPlant1].HeatingSystem[Boiler1].YearInstalled,,,TRUE,__double__,,
541,X6361,HPXML.Building.BuildingDetails.Systems.HVAC.HVACPlant[HVACPlant1].HeatingSystem[ElectricResistance1].AnnualHeatingEfficiency.Units,,Percent,FALSE,,,
542,X6387,HPXML.Building.BuildingDetails.Systems.HVAC.HVACPlant[HVACPlant1].HeatingSystem[ElectricResistance1].AnnualHeatingEfficiency.Value,,,TRUE,__double__,,
543,X6393,HPXML.Building.BuildingDetails.Systems.HVAC.HVACPlant[HVACPlant1].HeatingSystem[ElectricResistance1].FractionHeatLoadServed,,,TRUE,__double__,,
544,X6399,HPXML.Building.BuildingDetails.Systems.HVAC.HVACPlant[HVACPlant1].HeatingSystem[ElectricResistance1].HeatingSystemFuel,,electricity,TRUE,,,
545,X6546,HPXML.Building.BuildingDetails.Systems.HVAC.HVACPlant[HVACPlant1].HeatingSystem[FloorFurnace1].AnnualHeatingEfficiency.Units,,AFUE,FALSE,,,
546,X6573,HPXML.Building.BuildingDetails.Systems.HVAC.HVACPlant[HVACPlant1].HeatingSystem[FloorFurnace1].AnnualHeatingEfficiency.Value,,,TRUE,__double__,,
547,X6579,HPXML.Building.BuildingDetails.Systems.HVAC.HVACPlant[HVACPlant1].HeatingSystem[FloorFurnace1].FractionHeatLoadServed,,,TRUE,__double__,,
548,X6585,HPXML.Building.BuildingDetails.Systems.HVAC.HVACPlant[HVACPlant1].HeatingSystem[FloorFurnace1].HeatingSystemFuel,,electricity,TRUE,,,
549,X6587,HPXML.Building.BuildingDetails.Systems.HVAC.HVACPlant[HVACPlant1].HeatingSystem[FloorFurnace1].HeatingSystemFuel,,natural gas,TRUE,,,
550,X6732,HPXML.Building.BuildingDetails.Systems.HVAC.HVACPlant[HVACPlant1].HeatingSystem[Furnace1].AnnualHeatingEfficiency.Units,,AFUE,FALSE,,350,1601
551,X6759,HPXML.Building.BuildingDetails.Systems.HVAC.HVACPlant[HVACPlant1].HeatingSystem[Furnace1].AnnualHeatingEfficiency.Value,,,TRUE,__double__,394,815
552,X6765,HPXML.Building.BuildingDetails.Systems.HVAC.HVACPlant[HVACPlant1].HeatingSystem[Furnace1].FractionHeatLoadServed,,,TRUE,__double__,382,1601
553,X6771,HPXML.Building.BuildingDetails.Systems.HVAC.HVACPlant[HVACPlant1].HeatingSystem[Furnace1].HeatingSystemFuel,,electricity,TRUE,,355,1601
554,X6773,HPXML.Building.BuildingDetails.Systems.HVAC.HVACPlant[HVACPlant1].HeatingSystem[Furnace1].HeatingSystemFuel,,natural gas,TRUE,,355,1601
555,X6775,HPXML.Building.BuildingDetails.Systems.HVAC.HVACPlant[HVACPlant1].HeatingSystem[Furnace1].HeatingSystemFuel,,fuel oil,TRUE,,355,1601
556,X6784,HPXML.Building.BuildingDetails.Systems.HVAC.HVACPlant[HVACPlant1].HeatingSystem[Furnace1].HeatingSystemFuel,,propane,TRUE,,355,1601
557,X6791,HPXML.Building.BuildingDetails.Systems.HVAC.HVACPlant[HVACPlant1].HeatingSystem[Furnace1].HeatingSystemFuel,,wood,TRUE,,355,1601
558,X6915,HPXML.Building.BuildingDetails.Systems.HVAC.HVACPlant[HVACPlant1].HeatingSystem[Furnace1].YearInstalled,,,TRUE,__double__,,
559,X6925,HPXML.Building.BuildingDetails.Systems.HVAC.HVACPlant[HVACPlant1].HeatingSystem[PortableHeater1].AnnualHeatingEfficiency.Units,,Percent,FALSE,,,
560,X6951,HPXML.Building.BuildingDetails.Systems.HVAC.HVACPlant[HVACPlant1].HeatingSystem[PortableHeater1].AnnualHeatingEfficiency.Value,,,TRUE,__double__,,
561,X6957,HPXML.Building.BuildingDetails.Systems.HVAC.HVACPlant[HVACPlant1].HeatingSystem[PortableHeater1].FractionHeatLoadServed,,,TRUE,__double__,,
562,X6965,HPXML.Building.BuildingDetails.Systems.HVAC.HVACPlant[HVACPlant1].HeatingSystem[PortableHeater1].HeatingSystemFuel,,natural gas,FALSE,,,
563,X6967,HPXML.Building.BuildingDetails.Systems.HVAC.HVACPlant[HVACPlant1].HeatingSystem[PortableHeater1].HeatingSystemFuel,,fuel oil,FALSE,,,
564,X6976,HPXML.Building.BuildingDetails.Systems.HVAC.HVACPlant[HVACPlant1].HeatingSystem[PortableHeater1].HeatingSystemFuel,,propane,FALSE,,,
565,X6983,HPXML.Building.BuildingDetails.Systems.HVAC.HVACPlant[HVACPlant1].HeatingSystem[PortableHeater1].HeatingSystemFuel,,wood,FALSE,,,
566,X7111,HPXML.Building.BuildingDetails.Systems.HVAC.HVACPlant[HVACPlant1].HeatingSystem[Stove1].AnnualHeatingEfficiency.Units,,Percent,FALSE,,,
567,X7137,HPXML.Building.BuildingDetails.Systems.HVAC.HVACPlant[HVACPlant1].HeatingSystem[Stove1].AnnualHeatingEfficiency.Value,,,TRUE,__double__,,
568,X7143,HPXML.Building.BuildingDetails.Systems.HVAC.HVACPlant[HVACPlant1].HeatingSystem[Stove1].FractionHeatLoadServed,,,TRUE,__double__,,
569,X7153,HPXML.Building.BuildingDetails.Systems.HVAC.HVACPlant[HVACPlant1].HeatingSystem[Stove1].HeatingSystemFuel,,fuel oil,FALSE,,,
570,X7169,HPXML.Building.BuildingDetails.Systems.HVAC.HVACPlant[HVACPlant1].HeatingSystem[Stove1].HeatingSystemFuel,,wood,FALSE,,,
571,X7296,HPXML.Building.BuildingDetails.Systems.HVAC.HVACPlant[HVACPlant1].HeatingSystem[WallFurnace1].AnnualHeatingEfficiency.Units,,AFUE,FALSE,,,
572,X7323,HPXML.Building.BuildingDetails.Systems.HVAC.HVACPlant[HVACPlant1].HeatingSystem[WallFurnace1].AnnualHeatingEfficiency.Value,,,TRUE,__double__,,
573,X7329,HPXML.Building.BuildingDetails.Systems.HVAC.HVACPlant[HVACPlant1].HeatingSystem[WallFurnace1].FractionHeatLoadServed,,,TRUE,__double__,,
574,X7337,HPXML.Building.BuildingDetails.Systems.HVAC.HVACPlant[HVACPlant1].HeatingSystem[WallFurnace1].HeatingSystemFuel,,natural gas,FALSE,,,
575,X7348,HPXML.Building.BuildingDetails.Systems.HVAC.HVACPlant[HVACPlant1].HeatingSystem[WallFurnace1].HeatingSystemFuel,,propane,FALSE,,,
576,X7509,HPXML.Building.BuildingDetails.Systems.WaterHeating.WaterHeatingSystem[WaterHeater1].EnergyFactor,,,TRUE,__double__,295,5557
577,X7515,HPXML.Building.BuildingDetails.Systems.WaterHeating.WaterHeatingSystem[WaterHeater1].FuelType,,electricity,TRUE,,358,1601
578,X7517,HPXML.Building.BuildingDetails.Systems.WaterHeating.WaterHeatingSystem[WaterHeater1].FuelType,,natural gas,TRUE,,358,1601
579,X7519,HPXML.Building.BuildingDetails.Systems.WaterHeating.WaterHeatingSystem[WaterHeater1].FuelType,,fuel oil,TRUE,,358,1601
580,X7528,HPXML.Building.BuildingDetails.Systems.WaterHeating.WaterHeatingSystem[WaterHeater1].FuelType,,propane,TRUE,,358,1601
581,X7674,HPXML.Building.BuildingDetails.Systems.WaterHeating.WaterHeatingSystem[WaterHeater1].TankVolume,,,TRUE,__double__,153,140173
582,X7677,HPXML.Building.BuildingDetails.Systems.WaterHeating.WaterHeatingSystem[WaterHeater1].WaterHeaterType,,storage water heater,TRUE,,349,1601
583,X7680,HPXML.Building.BuildingDetails.Systems.WaterHeating.WaterHeatingSystem[WaterHeater1].WaterHeaterType,,heat pump water heater,TRUE,,349,1601