code,xmlPath,importanceRank,stdev
WEATHER_DIRECT_SOLAR_RADIATION_VAR_05,,0,21746584
WEATHER_DIRECT_SOLAR_RADIATION_VAR_04,,1,20143784
WEATHER_DIRECT_SOLAR_RADIATION_VAR_07,,2,19968382
WEATHER_DIRECT_SOLAR_RADIATION_VAR_09,,3,19320122
WEATHER_DIRECT_SOLAR_RADIATION_VAR_06,,4,19044114
WEATHER_DIRECT_SOLAR_RADIATION_VAR_08,,5,18824250
WEATHER_DIRECT_SOLAR_RADIATION_VAR_10,,6,16294200
WEATHER_DIRECT_SOLAR_RADIATION_VAR_03,,7,15792810
WEATHER_DIRECT_SOLAR_RADIATION_VAR_02,,8,13713311
WEATHER_DIRECT_SOLAR_RADIATION_VAR_11,,9,12183563
WEATHER_DIRECT_SOLAR_RADIATION_VAR_12,,10,11170048
WEATHER_DIRECT_SOLAR_RADIATION_VAR_01,,11,10662635
X0138,HPXML.Building.BuildingDetails.BuildingSummary.BuildingConstruction.ConditionedFloorArea,12,5336155
X3714,HPXML.Building.BuildingDetails.Enclosure.Walls.Wall[WallExposed1].Area,13,4525102
X4386,HPXML.Building.BuildingDetails.Systems.HVAC.HVACDistribution[HVACDistributionAir1].ConditionedFloorAreaServed,14,4344854
X3141,HPXML.Building.BuildingDetails.Enclosure.Roofs.Roof[Roof1].Area,15,3778129
WEATHER_DIFFUSE_SOLAR_RADIATION_VAR_07,,16,3410397
X1597,HPXML.Building.BuildingDetails.Enclosure.FrameFloors.FrameFloor[FloorBelowAttic1].Area,17,3378743
WEATHER_DIFFUSE_SOLAR_RADIATION_VAR_05,,18,3125440
WEATHER_DIFFUSE_SOLAR_RADIATION_VAR_06,,19,3094935
X3435,HPXML.Building.BuildingDetails.Enclosure.Slabs.Slab[SlabOnGrade1].Area,20,2981271
WEATHER_DIFFUSE_SOLAR_RADIATION_VAR_08,,21,2869046
WEATHER_DIFFUSE_SOLAR_RADIATION_VAR_04,,22,2729924
X3576,HPXML.Building.BuildingDetails.Enclosure.Slabs.Slab[SlabUnderCrawlspaceVented1].Area,23,2509553
X1417,HPXML.Building.BuildingDetails.Enclosure.FrameFloors.FrameFloor[FloorAboveVentedCrawl1].Area,24,2509553
WEATHER_DIFFUSE_SOLAR_RADIATION_VAR_03,,25,2360668
WEATHER_DIFFUSE_SOLAR_RADIATION_VAR_09,,26,2066974
WEATHER_DIFFUSE_SOLAR_RADIATION_VAR_02,,27,1681448
WEATHER_DIFFUSE_SOLAR_RADIATION_VAR_10,,28,1507789
WEATHER_DIFFUSE_SOLAR_RADIATION_VAR_11,,29,1117628
WEATHER_RELATIVE_HUMIDITY_VAR_10,,30,1064591
WEATHER_RELATIVE_HUMIDITY_VAR_09,,31,1015086
WEATHER_RELATIVE_HUMIDITY_VAR_05,,32,1014234
X0280,HPXML.Building.BuildingDetails.Enclosure.FoundationWalls.FoundationWall[FoundationWallBasementConditionedExposed1].Area,33,1006427
X0847,HPXML.Building.BuildingDetails.Enclosure.FoundationWalls.FoundationWall[FoundationWallCrawlspaceVentedExposed1].Area,34,994293
WEATHER_RELATIVE_HUMIDITY_VAR_11,,35,941479
WEATHER_DIFFUSE_SOLAR_RADIATION_VAR_01,,36,930972
WEATHER_RELATIVE_HUMIDITY_VAR_08,,37,878780
WEATHER_RELATIVE_HUMIDITY_VAR_04,,38,866233
WEATHER_RELATIVE_HUMIDITY_VAR_06,,39,792334
WEATHER_RELATIVE_HUMIDITY_VAR_03,,40,786983
X3297,HPXML.Building.BuildingDetails.Enclosure.Slabs.Slab[SlabOfBasementConditioned1].Area,41,760709
X1237,HPXML.Building.BuildingDetails.Enclosure.FrameFloors.FrameFloor[FloorAboveConditionedBasement1].Area,42,760709
WEATHER_RELATIVE_HUMIDITY_VAR_07,,43,737520
WEATHER_DIFFUSE_SOLAR_RADIATION_VAR_12,,44,687604
WEATHER_RELATIVE_HUMIDITY_VAR_12,,45,560704
WEATHER_RELATIVE_HUMIDITY_VAR_02,,46,558584
WEATHER_RELATIVE_HUMIDITY_VAR_01,,47,558291
X4209,HPXML.Building.BuildingDetails.Enclosure.Windows.Window[WindowWest1].Azimuth,48,408817
WEATHER_DRYBULB_TEMPERATURE_VAR_01,,49,351196
WEATHER_DRYBULB_TEMPERATURE_VAR_02,,50,349137
WEATHER_WETBULB_TEMPERATURE_VAR_01,,51,321736
WEATHER_WETBULB_TEMPERATURE_VAR_02,,52,282852
WEATHER_DRYBULB_TEMPERATURE_VAR_03,,53,281027
X4197,HPXML.Building.BuildingDetails.Enclosure.Windows.Window[WindowSouth1].Azimuth,54,272307
X3441,HPXML.Building.BuildingDetails.Enclosure.Slabs.Slab[SlabOnGrade1].ExposedPerimeter,55,267757
WEATHER_DRYBULB_TEMPERATURE_VAR_09,,56,256837
X2149,HPXML.Building.BuildingDetails.Enclosure.RimJoists.RimJoist[RimJoistCrawlspaceVentedExposed1].Area,57,248039
X3579,HPXML.Building.BuildingDetails.Enclosure.Slabs.Slab[SlabUnderCrawlspaceVented1].ExposedPerimeter,58,248039
X2522,HPXML.Building.BuildingDetails.Enclosure.RimJoists.RimJoist[RimJoistStory2Exposed].Area,59,234388
WEATHER_DRYBULB_TEMPERATURE_VAR_06,,60,227041
X0058,HPXML.Building.BuildingDetails.Appliances.ClothesDryer.extension.VentedFlowRate,61,226804
WEATHER_DIRECT_SOLAR_RADIATION_MAX_07,,62,223176
WEATHER_DIRECT_SOLAR_RADIATION_MAX_03,,63,222817
WEATHER_DIFFUSE_SOLAR_RADIATION_MAX_04,,64,222467
WEATHER_DRYBULB_TEMPERATURE_VAR_05,,65,222150
WEATHER_DIRECT_SOLAR_RADIATION_MAX_02,,66,222119
WEATHER_DIFFUSE_SOLAR_RADIATION_MAX_08,,67,222111
WEATHER_DIRECT_SOLAR_RADIATION_MAX_06,,68,222111
WEATHER_DIRECT_SOLAR_RADIATION_MAX_08,,69,222111
WEATHER_DIFFUSE_SOLAR_RADIATION_MAX_07,,70,221753
WEATHER_DIRECT_SOLAR_RADIATION_MAX_12,,71,221407
WEATHER_DIFFUSE_SOLAR_RADIATION_MAX_09,,72,221051
WEATHER_DIFFUSE_SOLAR_RADIATION_MAX_03,,73,221051
WEATHER_DIFFUSE_SOLAR_RADIATION_MAX_05,,74,220694
WEATHER_DIRECT_SOLAR_RADIATION_MAX_11,,75,219985
WEATHER_DIRECT_SOLAR_RADIATION_MAX_04,,76,219978
WEATHER_RELATIVE_HUMIDITY_MAX_10,,77,219728
WEATHER_RELATIVE_HUMIDITY_MAX_06,,78,219728
WEATHER_RELATIVE_HUMIDITY_MAX_08,,79,219728
WEATHER_RELATIVE_HUMIDITY_MAX_09,,80,219728
WEATHER_DIRECT_SOLAR_RADIATION_MAX_05,,81,219640
WEATHER_DIRECT_SOLAR_RADIATION_MAX_10,,82,218931
WEATHER_RELATIVE_HUMIDITY_MAX_12,,83,218614
WEATHER_DIRECT_SOLAR_RADIATION_MAX_09,,84,218588
WEATHER_DIFFUSE_SOLAR_RADIATION_MAX_10,,85,217544
WEATHER_DIFFUSE_SOLAR_RADIATION_MAX_02,,86,216502
WEATHER_DIRECT_SOLAR_RADIATION_MAX_01,,87,216484
WEATHER_RELATIVE_HUMIDITY_MAX_04,,88,216343
WEATHER_RELATIVE_HUMIDITY_MAX_02,,89,215224
WEATHER_RELATIVE_HUMIDITY_MAX_03,,90,214207
WEATHER_RELATIVE_HUMIDITY_MAX_01,,91,214110
WEATHER_RELATIVE_HUMIDITY_MAX_07,,92,212034
WEATHER_DRYBULB_TEMPERATURE_VAR_04,,93,210908
WEATHER_DRYBULB_TEMPERATURE_VAR_07,,94,208247
WEATHER_DRYBULB_TEMPERATURE_MAX_09,,95,207706
WEATHER_DRYBULB_TEMPERATURE_MAX_08,,96,204211
WEATHER_DRYBULB_TEMPERATURE_MAX_07,,97,201080
WEATHER_DRYBULB_TEMPERATURE_MAX_06,,98,199764
WEATHER_DRYBULB_TEMPERATURE_VAR_08,,99,197801
WEATHER_DRYBULB_TEMPERATURE_MAX_05,,100,190645
WEATHER_WETBULB_TEMPERATURE_VAR_03,,101,189966
WEATHER_DRYBULB_TEMPERATURE_MAX_04,,102,189277
WEATHER_DRYBULB_TEMPERATURE_MAX_10,,103,177838
WEATHER_WETBULB_TEMPERATURE_MAX_06,,104,174802
WEATHER_RELATIVE_HUMIDITY_AVG_12,,105,174557
WEATHER_DRYBULB_TEMPERATURE_MIN_07,,106,172978
WEATHER_DRYBULB_TEMPERATURE_VAR_11,,107,172833
WEATHER_RELATIVE_HUMIDITY_AVG_08,,108,170833
WEATHER_DIRECT_SOLAR_RADIATION_AVG_05,,109,170080
WEATHER_RELATIVE_HUMIDITY_AVG_11,,110,169424
WEATHER_RELATIVE_HUMIDITY_AVG_01,,111,169346
WEATHER_RELATIVE_HUMIDITY_MIN_07,,112,168802
WEATHER_RELATIVE_HUMIDITY_AVG_10,,113,167886
WEATHER_RELATIVE_HUMIDITY_MIN_12,,114,166777
WEATHER_DRYBULB_TEMPERATURE_VAR_10,,115,166064
WEATHER_RELATIVE_HUMIDITY_AVG_07,,116,165640
WEATHER_DRYBULB_TEMPERATURE_MIN_09,,117,165515
WEATHER_RELATIVE_HUMIDITY_AVG_09,,118,165174
WEATHER_DRYBULB_TEMPERATURE_VAR_12,,119,163752
WEATHER_DIRECT_SOLAR_RADIATION_AVG_06,,120,163404
WEATHER_RELATIVE_HUMIDITY_AVG_06,,121,163098
WEATHER_WETBULB_TEMPERATURE_MAX_08,,122,162876
WEATHER_DIRECT_SOLAR_RADIATION_AVG_07,,123,162682
WEATHER_RELATIVE_HUMIDITY_AVG_02,,124,162225
WEATHER_WETBULB_TEMPERATURE_MAX_07,,125,161324
WEATHER_RELATIVE_HUMIDITY_AVG_03,,126,160400
WEATHER_RELATIVE_HUMIDITY_MIN_08,,127,159211
WEATHER_RELATIVE_HUMIDITY_MIN_03,,128,158233
WEATHER_RELATIVE_HUMIDITY_MIN_02,,129,157764
WEATHER_DRYBULB_TEMPERATURE_MAX_11,,130,157600
WEATHER_RELATIVE_HUMIDITY_MIN_04,,131,156865
WEATHER_WETBULB_TEMPERATURE_MAX_09,,132,156855
WEATHER_WETBULB_TEMPERATURE_MAX_05,,133,153570
WEATHER_RELATIVE_HUMIDITY_MIN_10,,134,153195
WEATHER_DIRECT_SOLAR_RADIATION_AVG_08,,135,151631
WEATHER_RELATIVE_HUMIDITY_AVG_05,,136,151192
WEATHER_DRYBULB_TEMPERATURE_AVG_07,,137,148795
WEATHER_WETBULB_TEMPERATURE_VAR_12,,138,148271
X2523,HPXML.Building.BuildingDetails.Enclosure.RimJoists.RimJoist[RimJoistStory3Exposed].Area,139,147932
WEATHER_WETBULB_TEMPERATURE_MAX_10,,140,147314
WEATHER_RELATIVE_HUMIDITY_AVG_04,,141,147066
WEATHER_WETBULB_TEMPERATURE_MAX_04,,142,146921
WEATHER_DRYBULB_TEMPERATURE_AVG_08,,143,146548
WEATHER_DIFFUSE_SOLAR_RADIATION_MAX_11,,144,145376
X4194,HPXML.Building.BuildingDetails.Enclosure.Windows.Window[WindowSouth1].Area,145,144899
X4158,HPXML.Building.BuildingDetails.Enclosure.Windows.Window[WindowNorth1].Area,146,144899
WEATHER_DIFFUSE_SOLAR_RADIATION_MAX_12,,147,144216
WEATHER_DIRECT_SOLAR_RADIATION_AVG_09,,148,144071
X4122,HPXML.Building.BuildingDetails.Enclosure.Windows.Window[WindowEast1].Area,149,143382
X4206,HPXML.Building.BuildingDetails.Enclosure.Windows.Window[WindowWest1].Area,150,143382
WEATHER_DRYBULB_TEMPERATURE_AVG_09,,151,141278
WEATHER_DRYBULB_TEMPERATURE_AVG_06,,152,140486
X7674,HPXML.Building.BuildingDetails.Systems.WaterHeating.WaterHeatingSystem[WaterHeater1].TankVolume,153,140173
WEATHER_WETBULB_TEMPERATURE_VAR_11,,154,139760
WEATHER_DIRECT_SOLAR_RADIATION_AVG_04,,155,138736
WEATHER_WETBULB_TEMPERATURE_AVG_07,,156,136605
WEATHER_WETBULB_TEMPERATURE_VAR_05,,157,136042
X4125,HPXML.Building.BuildingDetails.Enclosure.Windows.Window[WindowEast1].Azimuth,158,135798
WEATHER_WETBULB_TEMPERATURE_AVG_08,,159,134130
WEATHER_WETBULB_TEMPERATURE_MAX_11,,160,132726
WEATHER_WETBULB_TEMPERATURE_VAR_10,,161,130749
WEATHER_WETBULB_TEMPERATURE_AVG_06,,162,128408
WEATHER_WETBULB_TEMPERATURE_AVG_09,,163,128015
WEATHER_DRYBULB_TEMPERATURE_AVG_05,,164,127858
WEATHER_WETBULB_TEMPERATURE_VAR_04,,165,126098
X0192,HPXML.Building.BuildingDetails.Systems.HVAC.HVACControl.SetupTempCoolingSeason,166,123664
WEATHER_DRYBULB_TEMPERATURE_AVG_10,,167,119943
WEATHER_DRYBULB_TEMPERATURE_AVG_04,,168,117646
WEATHER_DRYBULB_TEMPERATURE_MAX_02,,169,116541
WEATHER_DRYBULB_TEMPERATURE_MAX_03,,170,115482
X3300,HPXML.Building.BuildingDetails.Enclosure.Slabs.Slab[SlabOfBasementConditioned1].ExposedPerimeter,171,114563
X1777,HPXML.Building.BuildingDetails.Enclosure.RimJoists.RimJoist[RimJoistBasementConditionedExposed1].Area,172,114563
WEATHER_WETBULB_TEMPERATURE_AVG_05,,173,113121
WEATHER_DRYBULB_TEMPERATURE_MIN_08,,174,109953
WEATHER_WETBULB_TEMPERATURE_AVG_10,,175,109327
WEATHER_DIRECT_SOLAR_RADIATION_AVG_03,,176,109050
WEATHER_WETBULB_TEMPERATURE_MIN_08,,177,108116
WEATHER_WETBULB_TEMPERATURE_VAR_09,,178,107795
WEATHER_DRYBULB_TEMPERATURE_AVG_11,,179,107386
WEATHER_DIRECT_SOLAR_RADIATION_AVG_10,,180,107253
WEATHER_WETBULB_TEMPERATURE_MIN_07,,181,106354
X0658,HPXML.Building.BuildingDetails.Enclosure.FoundationWalls.FoundationWall[FoundationWallBasementConditionedToCrawlVented1].Area,182,103946
WEATHER_WETBULB_TEMPERATURE_AVG_04,,183,103779
WEATHER_DRYBULB_TEMPERATURE_AVG_03,,184,103588
WEATHER_DRYBULB_TEMPERATURE_MAX_12,,185,100261
WEATHER_WETBULB_TEMPERATURE_AVG_11,,186,98666
WEATHER_DRYBULB_TEMPERATURE_MAX_01,,187,98652
WEATHER_WETBULB_TEMPERATURE_MIN_09,,188,97068
WEATHER_DIRECT_SOLAR_RADIATION_AVG_02,,189,96824
X0189,HPXML.Building.BuildingDetails.Systems.HVAC.HVACControl.SetbackTempHeatingSeason,190,96363
WEATHER_DRYBULB_TEMPERATURE_MIN_06,,191,95519
WEATHER_WETBULB_TEMPERATURE_AVG_03,,192,93376
WEATHER_WETBULB_TEMPERATURE_MAX_02,,193,93070
WEATHER_WETBULB_TEMPERATURE_MIN_06,,194,92851
WEATHER_WETBULB_TEMPERATURE_MAX_03,,195,92704
WEATHER_DRYBULB_TEMPERATURE_AVG_12,,196,92066
WEATHER_WETBULB_TEMPERATURE_MAX_12,,197,90185
WEATHER_WETBULB_TEMPERATURE_MAX_01,,198,88808
WEATHER_DRYBULB_TEMPERATURE_MIN_05,,199,87077
WEATHER_WETBULB_TEMPERATURE_AVG_12,,200,84090
WEATHER_DRYBULB_TEMPERATURE_AVG_02,,201,84014
WEATHER_WETBULB_TEMPERATURE_VAR_06,,202,83489
WEATHER_WETBULB_TEMPERATURE_MIN_05,,203,83234
WEATHER_DRYBULB_TEMPERATURE_AVG_01,,204,82476
WEATHER_DIRECT_SOLAR_RADIATION_AVG_11,,205,82368
WEATHER_DRYBULB_TEMPERATURE_MIN_10,,206,80264
WEATHER_DRYBULB_TEMPERATURE_MIN_04,,207,80148
WEATHER_WETBULB_TEMPERATURE_MIN_10,,208,77005
WEATHER_WIND_SPEED_VAR_12,,209,76945
WEATHER_WETBULB_TEMPERATURE_AVG_01,,210,76627
WEATHER_DIRECT_SOLAR_RADIATION_AVG_12,,211,76482
WEATHER_WETBULB_TEMPERATURE_AVG_02,,212,76386
WEATHER_DIFFUSE_SOLAR_RADIATION_AVG_07,,213,75670
WEATHER_WETBULB_TEMPERATURE_MIN_04,,214,75541
X1687,HPXML.Building.BuildingDetails.Enclosure.FrameFloors.FrameFloor[FloorBelowAttic1].Insulation.AssemblyEffectiveRValue,215,73874
X0193,HPXML.Building.BuildingDetails.Systems.HVAC.HVACControl.TotalSetbackHoursperWeekHeating,216,73612
WEATHER_DIFFUSE_SOLAR_RADIATION_AVG_06,,217,73574
WEATHER_WIND_SPEED_VAR_04,,218,73035
WEATHER_WIND_SPEED_VAR_11,,219,72545
WEATHER_DIFFUSE_SOLAR_RADIATION_AVG_05,,220,72220
WEATHER_WIND_SPEED_VAR_09,,221,71757
WEATHER_WIND_SPEED_VAR_10,,222,70613
WEATHER_DIRECT_SOLAR_RADIATION_AVG_01,,223,67991
WEATHER_WETBULB_TEMPERATURE_VAR_07,,224,66340
WEATHER_DIFFUSE_SOLAR_RADIATION_AVG_08,,225,65753
WEATHER_WIND_SPEED_VAR_06,,226,65604
WEATHER_WIND_SPEED_VAR_01,,227,65328
WEATHER_WIND_SPEED_VAR_08,,228,65265
WEATHER_WIND_SPEED_VAR_03,,229,63992
WEATHER_DRYBULB_TEMPERATURE_MIN_03,,230,63081
WEATHER_DIFFUSE_SOLAR_RADIATION_AVG_04,,231,63065
X0194,HPXML.Building.BuildingDetails.Systems.HVAC.HVACControl.TotalSetupHoursperWeekCooling,232,62995
WEATHER_WIND_SPEED_VAR_05,,233,62677
WEATHER_WIND_SPEED_VAR_02,,234,62504
WEATHER_DRYBULB_TEMPERATURE_MIN_11,,235,62453
WEATHER_DRYBULB_TEMPERATURE_MIN_02,,236,61466
WEATHER_WETBULB_TEMPERATURE_MIN_03,,237,61074
WEATHER_WETBULB_TEMPERATURE_MIN_11,,238,59669
WEATHER_DRYBULB_TEMPERATURE_MIN_12,,239,58838
WEATHER_WETBULB_TEMPERATURE_MIN_02,,240,57911
WEATHER_WETBULB_TEMPERATURE_MIN_12,,241,55111
WEATHER_DRYBULB_TEMPERATURE_MIN_01,,242,53715
WEATHER_DIFFUSE_SOLAR_RADIATION_AVG_09,,243,52637
WEATHER_DIFFUSE_SOLAR_RADIATION_AVG_03,,244,52632
WEATHER_WETBULB_TEMPERATURE_VAR_08,,245,51289
WEATHER_WETBULB_TEMPERATURE_MIN_01,,246,50561
WEATHER_WIND_SPEED_VAR_07,,247,49208
WEATHER_DIFFUSE_SOLAR_RADIATION_AVG_10,,248,40568
WEATHER_DIFFUSE_SOLAR_RADIATION_AVG_02,,249,40554
X0195,HPXML.Building.BuildingDetails.Systems.HVAC.HVACControl.extension.SetbackStartHourHeating,250,34179
WEATHER_DIFFUSE_SOLAR_RADIATION_AVG_11,,251,31072
WEATHER_DIFFUSE_SOLAR_RADIATION_AVG_01,,252,27702
X5241,HPXML.Building.BuildingDetails.Systems.HVAC.HVACPlant[HVACPlant1].HeatPump[ASHP1].AnnualCoolingEfficiency.Value,253,24837
X3807,HPXML.Building.BuildingDetails.Enclosure.Walls.Wall[WallExposed1].Insulation.AssemblyEffectiveRValue,254,24768
X0177,HPXML.Building.BuildingDetails.Enclosure.AirInfiltration.AirInfiltrationMeasurement.BuildingAirLeakage.AirLeakage,255,23833
X2677,HPXML.Building.BuildingDetails.Enclosure.RimJoists.RimJoist[RimJoistStory2Exposed].Insulation.AssemblyEffectiveRValue,256,23564
X5727,HPXML.Building.BuildingDetails.Systems.HVAC.HVACPlant[HVACPlant1].HeatPump[MiniSplitHP1].AnnualCoolingEfficiency.Value,257,23564
WEATHER_DIFFUSE_SOLAR_RADIATION_AVG_12,,258,22852
WEATHER_WIND_SPEED_AVG_05,,259,21588
WEATHER_WIND_SPEED_AVG_06,,260,21547
WEATHER_WIND_SPEED_AVG_07,,261,21417
WEATHER_WIND_SPEED_AVG_03,,262,21072
WEATHER_DIFFUSE_SOLAR_RADIATION_MAX_01,,263,20464
WEATHER_WIND_SPEED_MAX_03,,264,20454
WEATHER_WIND_SPEED_MAX_06,,265,20454
WEATHER_WIND_SPEED_MAX_12,,266,20454
WEATHER_WIND_SPEED_MAX_04,,267,20454
WEATHER_WIND_SPEED_MAX_10,,268,20454
WEATHER_WIND_SPEED_MAX_01,,269,20454
WEATHER_WIND_SPEED_MAX_09,,270,20454
WEATHER_WIND_SPEED_MAX_08,,271,20454
WEATHER_WIND_SPEED_MAX_02,,272,20454
WEATHER_WIND_SPEED_AVG_04,,273,20325
WEATHER_WIND_SPEED_MAX_05,,274,20200
X5277,HPXML.Building.BuildingDetails.Systems.HVAC.HVACPlant[HVACPlant1].HeatPump[ASHP1].AnnualHeatingEfficiency.Value,275,19774
WEATHER_WIND_SPEED_AVG_08,,276,19473
WEATHER_WIND_SPEED_AVG_09,,277,19340
WEATHER_WIND_SPEED_AVG_12,,278,19048
X4605,HPXML.Building.BuildingDetails.Systems.HVAC.HVACPlant[HVACPlant1].CoolingSystem[CentralAirConditioner1].AnnualCoolingEfficiency.Value,279,19016
WEATHER_WIND_SPEED_AVG_01,,280,16719
WEATHER_WIND_SPEED_AVG_02,,281,16204
WEATHER_WIND_SPEED_AVG_10,,282,16084
X5763,HPXML.Building.BuildingDetails.Systems.HVAC.HVACPlant[HVACPlant1].HeatPump[MiniSplitHP1].AnnualHeatingEfficiency.Value,283,15317
WEATHER_WIND_SPEED_AVG_11,,284,13641
X0196,HPXML.Building.BuildingDetails.Systems.HVAC.HVACControl.extension.SetupStartHourCooling,285,12954
X0373,HPXML.Building.BuildingDetails.Enclosure.FoundationWalls.FoundationWall[FoundationWallBasementConditionedExposed1].Height,286,11439
X1033,HPXML.Building.BuildingDetails.Enclosure.FoundationWalls.FoundationWall[FoundationWallCrawlspaceVentedExposed1].Thickness,287,11439
X0844,HPXML.Building.BuildingDetails.Enclosure.FoundationWalls.FoundationWall[FoundationWallBasementConditionedToCrawlVented1].Thickness,288,11439
X0466,HPXML.Building.BuildingDetails.Enclosure.FoundationWalls.FoundationWall[FoundationWallBasementConditionedExposed1].Thickness,289,11439
X0283,HPXML.Building.BuildingDetails.Enclosure.FoundationWalls.FoundationWall[FoundationWallBasementConditionedExposed1].DepthBelowGrade,290,9925
X0155,HPXML.Building.BuildingDetails.BuildingSummary.BuildingOccupancy.NumberofResidents,291,9666
X0000,HPXML.Building.BuildingDetails.Appliances.ClothesDryer.CombinedEnergyFactor,292,8342
X0140,HPXML.Building.BuildingDetails.BuildingSummary.BuildingConstruction.NumberofBedrooms,293,7562
X0139,HPXML.Building.BuildingDetails.BuildingSummary.BuildingConstruction.NumberofBathrooms,294,5576
X7509,HPXML.Building.BuildingDetails.Systems.WaterHeating.WaterHeatingSystem[WaterHeater1].EnergyFactor,295,5557
X3549,HPXML.Building.BuildingDetails.Enclosure.Slabs.Slab[SlabOnGrade1].Thickness,296,5392
X2678,HPXML.Building.BuildingDetails.Enclosure.RimJoists.RimJoist[RimJoistStory3Exposed].Insulation.AssemblyEffectiveRValue,297,5392
X3408,HPXML.Building.BuildingDetails.Enclosure.Slabs.Slab[SlabOfBasementConditioned1].Thickness,298,5392
X0940,HPXML.Building.BuildingDetails.Enclosure.FoundationWalls.FoundationWall[FoundationWallCrawlspaceVentedExposed1].Height,299,5392
X0751,HPXML.Building.BuildingDetails.Enclosure.FoundationWalls.FoundationWall[FoundationWallBasementConditionedToCrawlVented1].Height,300,5392
X0142,HPXML.Building.BuildingDetails.BuildingSummary.BuildingConstruction.NumberofConditionedFloorsAboveGrade,301,4084
X0141,HPXML.Building.BuildingDetails.BuildingSummary.BuildingConstruction.NumberofConditionedFloors,302,4084
X1507,HPXML.Building.BuildingDetails.Enclosure.FrameFloors.FrameFloor[FloorAboveVentedCrawl1].Insulation.AssemblyEffectiveRValue,303,4040
X4542,HPXML.Building.BuildingDetails.Systems.HVAC.HVACDistribution[HVACDistributionAir1].DistributionSystemType.AirDistribution.NumberofReturnRegisters,304,3891
X0850,HPXML.Building.BuildingDetails.Enclosure.FoundationWalls.FoundationWall[FoundationWallCrawlspaceVentedExposed1].DepthBelowGrade,305,3891
X0661,HPXML.Building.BuildingDetails.Enclosure.FoundationWalls.FoundationWall[FoundationWallBasementConditionedToCrawlVented1].DepthBelowGrade,306,3891
X3432,HPXML.Building.BuildingDetails.Enclosure.Slabs.Slab[SlabOfBasementConditioned1].extension.CarpetRValue,307,2408
X5685,HPXML.Building.BuildingDetails.Systems.HVAC.HVACPlant[HVACPlant1].HeatPump[MiniSplitHP1].AnnualCoolingEfficiency.Units,308,1601
X5805,HPXML.Building.BuildingDetails.Systems.HVAC.HVACPlant[HVACPlant1].HeatPump[MiniSplitHP1].BackupSystemFuel,309,1601
X4452,HPXML.Building.BuildingDetails.Systems.HVAC.HVACDistribution[HVACDistributionAir1].DistributionSystemType.AirDistribution.DuctLeakageMeasurement[HVACDistributionAir1Supply].DuctLeakage.TotalOrToOutside,310,1601
X4441,HPXML.Building.BuildingDetails.Systems.HVAC.HVACDistribution[HVACDistributionAir1].DistributionSystemType.AirDistribution.DuctLeakageMeasurement[HVACDistributionAir1Return].DuctType,311,1601
X4413,HPXML.Building.BuildingDetails.Systems.HVAC.HVACDistribution[HVACDistributionAir1].DistributionSystemType.AirDistribution.DuctLeakageMeasurement[HVACDistributionAir1Return].DuctLeakage.Units,312,1601
X4398,HPXML.Building.BuildingDetails.Systems.HVAC.HVACDistribution[HVACDistributionAir1].DistributionSystemType.AirDistribution.DuctLeakageMeasurement[HVACDistributionAir1Return].DuctLeakage.TotalOrToOutside,313,1601
X4389,HPXML.Building.BuildingDetails.Systems.HVAC.HVACDistribution[HVACDistributionAir1].DistributionSystemType.AirDistribution.AirDistributionType,314,1601
X0094,HPXML.Building.BuildingDetails.Appliances.CookingRange.FuelType,315,1601
X5799,HPXML.Building.BuildingDetails.Systems.HVAC.HVACPlant[HVACPlant1].HeatPump[MiniSplitHP1].BackupAnnualHeatingEfficiency.Value,316,1601
X5733,HPXML.Building.BuildingDetails.Systems.HVAC.HVACPlant[HVACPlant1].HeatPump[MiniSplitHP1].AnnualHeatingEfficiency.Units,317,1601
X4494,HPXML.Building.BuildingDetails.Systems.HVAC.HVACDistribution[HVACDistributionAir1].DistributionSystemType.AirDistribution.DuctLeakageMeasurement[HVACDistributionAir1Supply].DuctType,318,1601
X0303,HPXML.Building.BuildingDetails.Enclosure.FoundationWalls.FoundationWall[FoundationWallBasementConditionedExposed1].ExteriorAdjacentTo,319,1601
X1879,HPXML.Building.BuildingDetails.Enclosure.RimJoists.RimJoist[RimJoistBasementConditionedExposed1].InteriorAdjacentTo,320,1601
X5951,HPXML.Building.BuildingDetails.Systems.HVAC.HVACPlant[HVACPlant1].HeatPump[MiniSplitHP1].CompressorType,321,1601
X5967,HPXML.Building.BuildingDetails.Systems.HVAC.HVACPlant[HVACPlant1].HeatPump[MiniSplitHP1].FractionCoolLoadServed,322,1601
X0385,HPXML.Building.BuildingDetails.Enclosure.FoundationWalls.FoundationWall[FoundationWallBasementConditionedExposed1].InteriorAdjacentTo,323,1601
X0057,HPXML.Building.BuildingDetails.Appliances.ClothesDryer.extension.IsVented,324,1601
X5973,HPXML.Building.BuildingDetails.Systems.HVAC.HVACPlant[HVACPlant1].HeatPump[MiniSplitHP1].FractionHeatLoadServed,325,1601
X5979,HPXML.Building.BuildingDetails.Systems.HVAC.HVACPlant[HVACPlant1].HeatPump[MiniSplitHP1].HeatPumpFuel,326,1601
X4467,HPXML.Building.BuildingDetails.Systems.HVAC.HVACDistribution[HVACDistributionAir1].DistributionSystemType.AirDistribution.DuctLeakageMeasurement[HVACDistributionAir1Supply].DuctLeakage.Units,327,1601
X4513,HPXML.Building.BuildingDetails.Systems.HVAC.HVACDistribution[HVACDistributionAir1].DistributionSystemType.AirDistribution.Ducts[HVACDistribution1Return].DuctType,328,1601
X5639,HPXML.Building.BuildingDetails.Systems.HVAC.HVACPlant[HVACPlant1].HeatPump[ASHP1].HeatPumpType,329,1601
X5247,HPXML.Building.BuildingDetails.Systems.HVAC.HVACPlant[HVACPlant1].HeatPump[ASHP1].AnnualHeatingEfficiency.Units,330,1601
X5493,HPXML.Building.BuildingDetails.Systems.HVAC.HVACPlant[HVACPlant1].HeatPump[ASHP1].HeatPumpFuel,331,1601
X5487,HPXML.Building.BuildingDetails.Systems.HVAC.HVACPlant[HVACPlant1].HeatPump[ASHP1].FractionHeatLoadServed,332,1601
X5481,HPXML.Building.BuildingDetails.Systems.HVAC.HVACPlant[HVACPlant1].HeatPump[ASHP1].FractionCoolLoadServed,333,1601
X5465,HPXML.Building.BuildingDetails.Systems.HVAC.HVACPlant[HVACPlant1].HeatPump[ASHP1].CompressorType,334,1601
X5319,HPXML.Building.BuildingDetails.Systems.HVAC.HVACPlant[HVACPlant1].HeatPump[ASHP1].BackupSystemFuel,335,1601
X5313,HPXML.Building.BuildingDetails.Systems.HVAC.HVACPlant[HVACPlant1].HeatPump[ASHP1].BackupAnnualHeatingEfficiency.Value,336,1601
X5287,HPXML.Building.BuildingDetails.Systems.HVAC.HVACPlant[HVACPlant1].HeatPump[ASHP1].BackupAnnualHeatingEfficiency.Units,337,1601
X0119,HPXML.Building.BuildingDetails.Appliances.CookingRange.IsInduction,338,1601
X0184,HPXML.Building.BuildingDetails.Systems.HVAC.HVACControl.ControlType,339,1601
X4530,HPXML.Building.BuildingDetails.Systems.HVAC.HVACDistribution[HVACDistributionAir1].DistributionSystemType.AirDistribution.Ducts[HVACDistribution1Supply].DuctType,340,1601
X0118,HPXML.Building.BuildingDetails.Appliances.CookingRange.IsInduction,341,1601
X5199,HPXML.Building.BuildingDetails.Systems.HVAC.HVACPlant[HVACPlant1].HeatPump[ASHP1].AnnualCoolingEfficiency.Units,342,1601
X4785,HPXML.Building.BuildingDetails.Systems.HVAC.HVACPlant[HVACPlant1].CoolingSystem[CentralAirConditioner1].FractionCoolLoadServed,343,1601
X4755,HPXML.Building.BuildingDetails.Systems.HVAC.HVACPlant[HVACPlant1].CoolingSystem[CentralAirConditioner1].CoolingSystemType,344,1601
X4611,HPXML.Building.BuildingDetails.Systems.HVAC.HVACPlant[HVACPlant1].CoolingSystem[CentralAirConditioner1].CoolingSystemFuel,345,1601
X0096,HPXML.Building.BuildingDetails.Appliances.CookingRange.FuelType,346,1601
X4563,HPXML.Building.BuildingDetails.Systems.HVAC.HVACPlant[HVACPlant1].CoolingSystem[CentralAirConditioner1].AnnualCoolingEfficiency.Units,347,1601
X6127,HPXML.Building.BuildingDetails.Systems.HVAC.HVACPlant[HVACPlant1].HeatPump[MiniSplitHP1].HeatPumpType,348,1601
X7680,HPXML.Building.BuildingDetails.Systems.WaterHeating.WaterHeatingSystem[WaterHeater1].WaterHeaterType,349,1601
X6732,HPXML.Building.BuildingDetails.Systems.HVAC.HVACPlant[HVACPlant1].HeatingSystem[Furnace1].AnnualHeatingEfficiency.Units,350,1601
X5773,HPXML.Building.BuildingDetails.Systems.HVAC.HVACPlant[HVACPlant1].HeatPump[MiniSplitHP1].BackupAnnualHeatingEfficiency.Units,351,1601
X1433,HPXML.Building.BuildingDetails.Enclosure.FrameFloors.FrameFloor[FloorAboveVentedCrawl1].ExteriorAdjacentTo,352,1601
X0677,HPXML.Building.BuildingDetails.Enclosure.FoundationWalls.FoundationWall[FoundationWallBasementConditionedToCrawlVented1].ExteriorAdjacentTo,353,1601
X1246,HPXML.Building.BuildingDetails.Enclosure.FrameFloors.FrameFloor[FloorAboveConditionedBasement1].ExteriorAdjacentTo,354,1601
X6773,HPXML.Building.BuildingDetails.Systems.HVAC.HVACPlant[HVACPlant1].HeatingSystem[Furnace1].HeatingSystemFuel,355,1601
X1348,HPXML.Building.BuildingDetails.Enclosure.FrameFloors.FrameFloor[FloorAboveConditionedBasement1].InteriorAdjacentTo,356,1601
X0168,HPXML.Building.BuildingDetails.ClimateandRiskZones.ClimateZoneIECC.ClimateZone,357,1601
X7515,HPXML.Building.BuildingDetails.Systems.WaterHeating.WaterHeatingSystem[WaterHeater1].FuelType,358,1601
X2757,HPXML.Building.BuildingDetails.Enclosure.RimJoists.RimJoist[RimJoistStory3Exposed].InteriorAdjacentTo,359,1601
X2728,HPXML.Building.BuildingDetails.Enclosure.RimJoists.RimJoist[RimJoistStory2Exposed].InteriorAdjacentTo,360,1601
X2616,HPXML.Building.BuildingDetails.Enclosure.RimJoists.RimJoist[RimJoistStory3Exposed].ExteriorAdjacentTo,361,1601
X1232,HPXML.Building.BuildingDetails.Enclosure.Foundations.Foundation[CrawlspaceVented1].FoundationType.Crawlspace.Vented,362,1601
X2587,HPXML.Building.BuildingDetails.Enclosure.RimJoists.RimJoist[RimJoistStory2Exposed].ExteriorAdjacentTo,363,1601
X1528,HPXML.Building.BuildingDetails.Enclosure.FrameFloors.FrameFloor[FloorAboveVentedCrawl1].InteriorAdjacentTo,364,1601
X7517,HPXML.Building.BuildingDetails.Systems.WaterHeating.WaterHeatingSystem[WaterHeater1].FuelType,365,1601
X2258,HPXML.Building.BuildingDetails.Enclosure.RimJoists.RimJoist[RimJoistCrawlspaceVentedExposed1].InteriorAdjacentTo,366,1601
X0164,HPXML.Building.BuildingDetails.ClimateandRiskZones.ClimateZoneIECC.ClimateZone,367,1601
X2182,HPXML.Building.BuildingDetails.Enclosure.RimJoists.RimJoist[RimJoistCrawlspaceVentedExposed1].ExteriorAdjacentTo,368,1601
X1810,HPXML.Building.BuildingDetails.Enclosure.RimJoists.RimJoist[RimJoistBasementConditionedExposed1].ExteriorAdjacentTo,369,1601
X7677,HPXML.Building.BuildingDetails.Systems.WaterHeating.WaterHeatingSystem[WaterHeater1].WaterHeaterType,370,1601
X3391,HPXML.Building.BuildingDetails.Enclosure.Slabs.Slab[SlabOfBasementConditioned1].PerimeterInsulation.Layer.InstallationType,371,1601
X3309,HPXML.Building.BuildingDetails.Enclosure.Slabs.Slab[SlabOfBasementConditioned1].InteriorAdjacentTo,372,1601
X0183,HPXML.Building.BuildingDetails.Systems.HVAC.HVACControl.ControlType,373,1601
X0763,HPXML.Building.BuildingDetails.Enclosure.FoundationWalls.FoundationWall[FoundationWallBasementConditionedToCrawlVented1].InteriorAdjacentTo,374,1601
X3691,HPXML.Building.BuildingDetails.Enclosure.Slabs.Slab[SlabUnderCrawlspaceVented1].UnderSlabInsulation.Layer.InstallationType,375,1601
X3897,HPXML.Building.BuildingDetails.Enclosure.Walls.Wall[WallExposed1].Siding,376,1601
X3670,HPXML.Building.BuildingDetails.Enclosure.Slabs.Slab[SlabUnderCrawlspaceVented1].PerimeterInsulation.Layer.InstallationType,377,1601
X3412,HPXML.Building.BuildingDetails.Enclosure.Slabs.Slab[SlabOfBasementConditioned1].UnderSlabInsulation.Layer.InstallationType,378,1601
X3595,HPXML.Building.BuildingDetails.Enclosure.Slabs.Slab[SlabUnderCrawlspaceVented1].InteriorAdjacentTo,379,1601
X0870,HPXML.Building.BuildingDetails.Enclosure.FoundationWalls.FoundationWall[FoundationWallCrawlspaceVentedExposed1].ExteriorAdjacentTo,380,1601
X3553,HPXML.Building.BuildingDetails.Enclosure.Slabs.Slab[SlabOnGrade1].UnderSlabInsulation.Layer.InstallationType,381,1601
X6765,HPXML.Building.BuildingDetails.Systems.HVAC.HVACPlant[HVACPlant1].HeatingSystem[Furnace1].FractionHeatLoadServed,382,1601
X3532,HPXML.Building.BuildingDetails.Enclosure.Slabs.Slab[SlabOnGrade1].PerimeterInsulation.Layer.InstallationType,383,1601
X3462,HPXML.Building.BuildingDetails.Enclosure.Slabs.Slab[SlabOnGrade1].InteriorAdjacentTo,384,1601
X0959,HPXML.Building.BuildingDetails.Enclosure.FoundationWalls.FoundationWall[FoundationWallCrawlspaceVentedExposed1].InteriorAdjacentTo,385,1601
X3900,HPXML.Building.BuildingDetails.Enclosure.Walls.Wall[WallExposed1].Siding,386,1601
X1226,HPXML.Building.BuildingDetails.Enclosure.Foundations.Foundation[BasementConditioned1].FoundationType.Basement.Conditioned,387,1601
X3429,HPXML.Building.BuildingDetails.Enclosure.Slabs.Slab[SlabOfBasementConditioned1].extension.CarpetFraction,388,1601
X0056,HPXML.Building.BuildingDetails.Appliances.ClothesDryer.extension.IsVented,389,1601
X2152,HPXML.Building.BuildingDetails.Enclosure.RimJoists.RimJoist[RimJoistCrawlspaceVentedExposed1].Emittance,390,938
X2528,HPXML.Building.BuildingDetails.Enclosure.RimJoists.RimJoist[RimJoistStory3Exposed].Emittance,391,938
X1780,HPXML.Building.BuildingDetails.Enclosure.RimJoists.RimJoist[RimJoistBasementConditionedExposed1].Emittance,392,938
X2527,HPXML.Building.BuildingDetails.Enclosure.RimJoists.RimJoist[RimJoistStory2Exposed].Emittance,393,938
X6759,HPXML.Building.BuildingDetails.Systems.HVAC.HVACPlant[HVACPlant1].HeatingSystem[Furnace1].AnnualHeatingEfficiency.Value,394,815
X4434,HPXML.Building.BuildingDetails.Systems.HVAC.HVACDistribution[HVACDistributionAir1].DistributionSystemType.AirDistribution.DuctLeakageMeasurement[HVACDistributionAir1Return].DuctLeakage.Value,395,763
X4488,HPXML.Building.BuildingDetails.Systems.HVAC.HVACDistribution[HVACDistributionAir1].DistributionSystemType.AirDistribution.DuctLeakageMeasurement[HVACDistributionAir1Supply].DuctLeakage.Value,396,763
X1870,HPXML.Building.BuildingDetails.Enclosure.RimJoists.RimJoist[RimJoistBasementConditionedExposed1].Insulation.AssemblyEffectiveRValue,397,732
X0754,HPXML.Building.BuildingDetails.Enclosure.FoundationWalls.FoundationWall[FoundationWallBasementConditionedToCrawlVented1].Insulation.AssemblyEffectiveRValue,398,732
X0943,HPXML.Building.BuildingDetails.Enclosure.FoundationWalls.FoundationWall[FoundationWallCrawlspaceVentedExposed1].Insulation.AssemblyEffectiveRValue,399,732
X1960,HPXML.Building.BuildingDetails.Enclosure.RimJoists.RimJoist[RimJoistBasementConditionedExposed1].SolarAbsorptance,400,732
X2242,HPXML.Building.BuildingDetails.Enclosure.RimJoists.RimJoist[RimJoistCrawlspaceVentedExposed1].Insulation.AssemblyEffectiveRValue,401,732
X2332,HPXML.Building.BuildingDetails.Enclosure.RimJoists.RimJoist[RimJoistCrawlspaceVentedExposed1].SolarAbsorptance,402,732
X2827,HPXML.Building.BuildingDetails.Enclosure.RimJoists.RimJoist[RimJoistStory2Exposed].SolarAbsorptance,403,732
X2828,HPXML.Building.BuildingDetails.Enclosure.RimJoists.RimJoist[RimJoistStory3Exposed].SolarAbsorptance,404,732
X1327,HPXML.Building.BuildingDetails.Enclosure.FrameFloors.FrameFloor[FloorAboveConditionedBasement1].Insulation.AssemblyEffectiveRValue,405,732
X0376,HPXML.Building.BuildingDetails.Enclosure.FoundationWalls.FoundationWall[FoundationWallBasementConditionedExposed1].Insulation.AssemblyEffectiveRValue,406,732
X4212,HPXML.Building.BuildingDetails.Enclosure.Windows.Window[WindowWest1].SHGC,407,658
X4128,HPXML.Building.BuildingDetails.Enclosure.Windows.Window[WindowEast1].SHGC,408,658
X4164,HPXML.Building.BuildingDetails.Enclosure.Windows.Window[WindowNorth1].SHGC,409,658
X4200,HPXML.Building.BuildingDetails.Enclosure.Windows.Window[WindowSouth1].SHGC,410,658
X4131,HPXML.Building.BuildingDetails.Enclosure.Windows.Window[WindowEast1].UFactor,411,645
X4167,HPXML.Building.BuildingDetails.Enclosure.Windows.Window[WindowNorth1].UFactor,412,645
X4203,HPXML.Building.BuildingDetails.Enclosure.Windows.Window[WindowSouth1].UFactor,413,645
X4215,HPXML.Building.BuildingDetails.Enclosure.Windows.Window[WindowWest1].UFactor,414,645